sido,sigungu,hotelname,,opendate,closedate,level2013,level2014,level2015,level2016,level2017,level2018,level2019,level2020,level_final,address,id_regist,level2013_old,group,capacity,phone,land,좌표정보_X_,좌표정보_Y_,level2014_old,level2015_old,level2016_old,level2017_old,level2018_old,level2019_old,firmname,level2020_old,level_assigned,floors,gfa,facility,openyear,결정등급
서울,종로구,목시 서울 인사동 호텔,3성,20191028,.,,,,,,,,,,서울특별시 종로구 돈화문로11길 37,457,,관광호텔업,140,02 7581700,5971.04,198988.9836,452223.0972,,,,,,-,우희명 외 2 명,미등급,기간만료,19층(3/16),5971.04,,2019,
서울,종로구,호텔DM(호텔디엠),2성,20201023,,,,,,,,,,,서울특별시 종로구 난계로29길 73,489,,관광호텔업,100,,498,201643.2779,452339.8431,,,,,,,주식회사 정원코리아,미등급,등급평가미신청,11층(2/9),2994.06,,2020,
서울,중구,신신호텔1,2성,20130321,20160722,,,,,,,,,,서울특별시 중구 북창동 93-37번지,637,,관광호텔업,30,02 7779331,937.34,198067.2766,451115.0552,,,,,,,,,,,,,2013,
서울,중구,호텔 파레스,,19871012,20180829,A50,A50,,,,,,,,서울특별시 중구 회현동1가 92-6번지,686,3등급,관광호텔업,52,02 7777731,1978,198164.2584,450703.5993,3등급,,미등급,,,,,,,,,,1987,
서울,중구,뉴오리엔탈관광호텔,,19660214,,A50,A50,,,,,,,,서울특별시 중구 회현동3가 10번지,962,3등급,관광호텔업,65,02 7530701,3146,198491.235,450895.8551,3등급,,미등급,,,,,,,,,,1966,
서울,용산구,에이원호텔,,20161208,,,,,,,,,,,이태원로20길 2-8,1345,,관광호텔업,21,02  795 5997,535.85,199190.6718,447977.2343,,,-,,,,,,,,,,2016,
서울,광진구,한강관광호텔,,19730409,20200121,A30,,A30,A30,A30,,,,,서울특별시 광진구 아차산로78길 147,1880,1등급,관광호텔업,111,204535131,3790.5,209602.114,449468.7096,,3성급,3성,3성급,,,,,,,,,1973,
서울,동대문구,동경호텔,,20141030,20191203,,,,,,,,,,서울특별시 동대문구 장안동 373-4번지,1958,,관광호텔업,60,267473390,3249.75,206023.5965,451871.0505,,,미등급,,,,,,,,,,2014,
서울,동대문구,경남관광호텔,,19850108,20201224,A30,A30,,A30,,,,,,서울특별시 동대문구 장안동 366-7번지,2014,1등급,관광호텔업,108,222472500,4183.38,206199.9532,451997.9348,1등급,,1등급,,,등급보류,,,,,,,1985,
서울,동대문구,디 에블린,,20030318,20210628,,,,,,,,,,장한로2길48,2051,,관광호텔업,101,222489100,2085,205893.996,451049.9602,,,,,,등급없음,장수진,미등급,,지하2~지상7층,6176.72,,2003,
서울,동대문구,동경호텔,,19900918,20130726,,,,,,,,,,서울특별시 동대문구 장안동 373-4번지,2070,,관광호텔업,60,222140231,3215.3,206023.5965,451871.0505,,,미등급,,,,,,,,,,1990,
서울,동대문구,K city HOTEL,,20030320,20190513,,,,A50,A50,A50,,,,서울특별시 동대문구 전농동 620-4번지,2086,,관광호텔업,38,02961 8988,3575.03,203871.4813,453032.6398,,,3등급,1성급,1성급,,,,,,,,2003,
서울,동대문구,부림관광호텔,,20000106,20160304,,,,,,,,,,서울특별시 동대문구  전농동 620-27번지,2144,,관광호텔업,44,02 9620021,2100,203897.923,453018.9137,,,,,,,,,,,,,2000,
서울,동대문구,BORJOMI BOUTIQUE SEOUL,,20140225,,,A50,A50,A50,,,,,,서울특별시 동대문구 청량리동 30-6번지,2169,,관광호텔업,36,222168886,1912,205852.2926,451534.5236,3등급,3등급,3등급,,,,,,,,,,2014,
서울,동대문구,라마다앙코르 동대문 호텔,3성,20160311,,,,,,,,,,,서울특별시 동대문구 왕산로 22 (신설동),2247,,관광호텔업,332,02 548 9433,,202233.6049,452654.5266,,,,,,,이동균,미등급,기간만료,지하6~지상20층,11589,,2016,
서울,중랑구,더홀릭 관광호텔,,20101224,20180718,,,,,A40,,,,,서울특별시 중랑구 상봉동 90-3번지,2312,,관광호텔업,69,,3172.81,207778.8118,454861.511,,,미등급,2성급,,,,,,,,,2010,
서울,중랑구,라코지스테이서울,,20190806,,,,,,,,,,,서울특별시 중랑구 망우로 232,2410,,관광호텔업,68,02  433 6888,4129.86,206859.5147,454661.8144,,,,,,,,,,,,,2019,
서울,성북구,홀리데이 인 서울 성북,,19900309,20180227,A20,A20,A20,A20,A20,,,,,서울특별시 성북구 종암로 123,2554,특2등급,관광호텔업,128,02 9292000,3712.88,202859.0624,455408.3488,특2등급,특2등급,특2등급,특2등급,,,,,,,,,1990,
서울,성북구,브라운 관광호텔,,19910413,20180903,A40,A40,A40,A50,A40,,,,,서울특별시 성북구 보문로 78,2720,2등급,관광호텔업,50,02 9266601,1563.9,201810.3889,453337.054,2등급,2등급,3등급,2등급,,,,,,,,,1991,
서울,강북구,아카데미하우스,,19661229,,A30,A30,,A30,A30,,,,,서울특별시 강북구 수유6동 산 76번지,3093,1등급,관광호텔업,52,02 9936181,4004.02,200020.5719,459790.3862,1등급,,1등급,1등급,,,(재)기장아카데미하우스,미등급,,지하1 ~ 지상3,6157,"식당, 예식장 등",1966,
서울,도봉구,소피아관광호텔,,19901027,20190517,A50,A50,A50,A50,A50,,,,,서울특별시 도봉구 도봉로 511,3161,3등급,관광호텔업,51,02 9008011,1727.6,203088.529,460968.2761,3등급,3등급,3등급,3등급,,,,,,,,,1990,
서울,은평구,포레스타호텔,,20191028,,,,,,,,,,,서울특별시 은평구 진흥로 179,3352,,관광호텔업,58,02 3866677,2189.49,193699.9287,456254.0584,,,,,,평가 중,임채복 외 1 명,미등급,,지하3~지상19층,2658,일반음식점,2019,
서울,은평구,라비야호텔,,20131121,,,,A40,,A40,,,,,서울특별시 은평구 진흥로 138,3363,,관광호텔업,30,02 3554521,1316.08,193355.2129,456178.5461,,2성급,-,2성급,,평가 중,김정희,미등급,,지하1~지상10층,1316,휴게음식점,2013,
서울,마포구,호텔야자,,19840126,,,,,,,,,,,서울특별시 마포구 잔다리로 67,3768,,관광호텔업,42,231434597,1532,192584.698,450151.42,,,미등급,,,평가중,,,,,,,1984,
서울,마포구,보보호텔,,19780315,,,,,,,,,,,서울시 마포구 양화로 94,3862,,관광호텔업,55,02 3240021,842,192702.3579,450008.9176,,,,,,,함영배,미등급,신규등록(평가중),지하1층~지상5층,2625.37,"레스토랑, 세미나실",1978,
서울,강서구,에어포트 관광호텔,,19960819,20200102,A40,A40,A40,A40,A40,,,,,서울특별시 강서구 공항대로 63,3953,2등급,관광호텔업,40,226621113,2570.63,183529.0052,451027.5904,2등급,2등급,2등급,2등급,,,,,,,,,1996,
서울,강서구,그린월드 관광호텔,,19941122,20160831,A30,A30,A30,,,,,,,서울특별시 강서구 공항대로 516,3954,1등급,관광호텔업,52,226531999,6305.83,187851.4158,449900.5103,1등급,1등급,,,,,,,,,,,1994,
서울,강서구,리버파크 관광호텔,,19990108,20200330,A30,A30,A30,A30,A30,,,,,서울특별시 강서구 공항대로 653-30,3972,1등급,관광호텔업,81,236653000,2545.14,189172.2502,449594.161,1등급,1등급,1등급,1등급,,등급보류,,,,,,,1999,
서울,강서구,뉴리젠트 관광호텔,,19950802,20160630,A40,,,,,,,,,서울특별시 강서구 화곡로 342,3988,2등급,관광호텔업,40,226052525,3443.1,186834.2345,450221.1853,,,,,,,,,,,,,1995,
서울,강서구,지엠빌 관광호텔(GM Ville),,20140627,20200831,,,,,A50,A50,,,,서울특별시 강서구 곰달래로 70-1,4064,,관광호텔업,51,070 46323500,1657.97,185841.6526,447544.3946,,,평가중,1성급,1성급,등급보류,㈜그린씨앤디,미등급,,지하1~지상13,1704,,2014,
서울,강서구,공원 관광호텔,,19990916,20171222,,,,,,,,,,서울특별시 강서구 화곡동 371-21외 1필지,4065,,관광호텔업,39,226021006,1142,185593.7726,448261.717,,,등급보류,,,,,,,,,,1999,
서울,강서구,호텔 노스탈자,,19970708,20180511,A30,A50,A50,A50,A50,,,,,서울특별시 강서구 화곡로 354-3,4135,1등급,관광호텔업,61,226910071,7307.4,186908.9208,450297.3931,3등급,3등급,3등급,3등급,,,,,,,,,1997,
서울,강서구,칼튼 관광호텔,,20021210,,,,,,,,,,,서울특별시 강서구 화곡로 354-10,4196,,관광호텔업,64,226049229,2544.85,186892.9474,450261.9914,,,등급없음,,,등급없음,정헌상,미등급,,지하3~지상8,6141,,2002,
서울,금천구,이사벨관광호텔,,20041027,,,,,,,,,,,서울특별시 금천구 가산로 50,4587,,관광호텔업,57,02 8686371,4564,190862.9687,441065.6659,,,미등급,,,등급없음,장기석,미등급,,지하3층~지상8층,4564,"로비, 식당",2004,
서울,영등포구,도도관광호텔,,20040323,20170828,A40,A50,A50,A50,,,,,,서울특별시 영등포구 버드나루로 23,4693,2등급,관광호텔업,55,226723535,4357.06,192165.9345,446508.0008,3등급,3등급,3등급,,,,,,,,,,2004,
서울,영등포구,R 호텔,,20090819,20180427,A40,A50,A50,A50,A50,,,,,서울특별시 영등포구 경인로108길 14,4803,2등급,관광호텔업,92,226757436,5489.99,192151.2202,446113.2819,3등급,3등급,3등급,3등급,,,,,,,,,2009,
서울,영등포구,노바루스 관광호텔(NOVALUZ HOTEL),,20141104,,,,A50,A50,A50,A50,,,,서울특별시 영등포구 선유로 88-6,4977,,관광호텔업,32,226715757,731.43,190268.7535,446608.4758,,1성급,1성,1성급,1성급,등급보류,이태근,미등급,,지하2층 지상7층,1140.11,,2014,
서울,영등포구,마루관광호텔,,20141218,,,,,,,A50,,,,서울특별시 영등포구 영등포로 9,5022,,관광호텔업,83,226208500,2330.52,189552.0218,446847.7044,,,미등급,,1성급,,한국자산운영주식회사,미등급,,지하1층~지상13층,2519,조식당,2014,
서울,서초구,호텔센트로,,19990204,20170929,A40,A40,,A40,,,,,,서울특별시 서초구 서초동 1594-3,5698,2등급,관광호텔업,94,234866000,2340,201170.07,442708.0036,2등급,,2등급,,,,,,,,,,1999,
서울,강남구,파고다 호텔((구)호텔 라미르),,20081105,20190225,,,,,A40,,,,,서울특별시 강남구 언주로 547,5845,,관광호텔업,150,02  557 8267,3812.16,203468.914,444937.661,,,미정(심사중),2성급,,,,,,,,,2008,
서울,강남구,팝그린관광호텔,,19830328,20150518,A30,A30,,,,,,,,서울특별시 강남구 신사동 614-1,5847,1등급,관광호텔업,69,02 5446623,4559.68,202545.5954,447231.9549,1등급,,,,,,,,,,,,1983,
서울,강남구,다이내스티관광호텔,,19891228,20180731,A40,A40,,,,,,,,서울특별시 강남구 논현동 202-7,5850,2등급,관광호텔업,64,02 5403041,5537.04,202355.7537,444839.7257,2등급,,미정,,,,,,,,,,1989,
서울,강남구,호텔 더 디자이너스,,20120628,20120705,,,,,,,,,,"서울특별시 강남구 삼성동 144-7,8",5854,,관광호텔업,90,02  568 8371,3383,204801.7541,445016.794,,,,,,,,,,,,,2012,
서울,강남구,벨레상스 서울 호텔,,19880609,20161122,,,,A10,,,,,,강남구 테헤란로 237,5926,,관광호텔업,497,02 5535414,17142.35,203599.0628,444556.0623,,,특1등급,,,,,,,,,,1988,
서울,강남구,호텔엘루이,,19920422,20170403,A20,A20,,,,,,,,서울특별시 강남구 청담동 129,5946,특2등급,관광호텔업,139,02 5143535,17066.77,204727.2268,447092.8154,특2등급,,미정(심사중),,,,,,,,,,1992,
서울,강남구,그린그래스관광호텔,,19881209,20170201,A30,A30,A40,,,,,,,서울특별시 강남구 삼성동 141-10,5955,1등급,관광호텔업,76,02 5557575,1743.49,204369.881,444844.4479,1등급,2성급,,,,,,,,,,,1988,
서울,강남구,베네치아,,19830614,20181109,,,,,,,,,,서울특별시 강남구 역삼동 606-28,5964,,관광호텔업,62,02 5564001,1895.77,202942.5806,444880.3279,,,,,,,,,,,,,1983,
서울,강남구,라까사호텔,,19900223,,A30,A30,A30,A30,A30,A30,,,,서울특별시 강남구 신사동527-2,6026,1등급,관광호텔업,61,02 5411011,3017.7,201658.4166,446639.5661,1등급,1등급,3성,3성급,3성급,기간만료,(주)라까사호텔,기간만료,2020.12.28.,11(2~9),"4,638.17 2,940.71",,1990,
서울,강남구,르네상스서울호텔,,20210506,,A10,A10,A10,,,,,,,서울특별시 강남구 역삼동 676,6041,특1등급,관광호텔업,497,02  727 7361,20954.12,203599.0628,444556.0623,특1등급,특1등급,,,,,,,,,,,2021,
서울,강남구,제이비스호텔,,20011004,,A40,A40,,,A40,,,,,서울특별시 강남구 대치동 890-28,6094,2등급,관광호텔업,53,234528663,1917.98,204608.135,444745.055,2등급,,미정,2등급,,,,,,,,,2001,
서울,강동구,아르고호텔,,20030804,,,,,,,,,,,서울특별시 강동구 길1동 415-18,6412,,관광호텔업,55,02  470 2500,2157.69,212025.7137,448227.3781,,,,,,,,,,,,,2003,
부산,중구,피닉스호텔,,19761200,20150610,A30,A30,,,,,,,,부산광역시 중구 구덕로 54-1,6615,1등급,관광호텔업,107,051 2427032,6709,385007.0179,179584.9839,1등급,,,,,,,,,,,,1976,
부산,중구,수이호스텔,,20191112,,,,,,,,,,,부산광역시 중구 중앙대로41번길 3-1 (중앙동1가),6659,,관광호텔업,7,051 246 3657,208.8000031,385574.5205,179902.8603,,,,,,,김성수,-,2020.12.39.,지상5층,530.39,-,2019,
부산,중구,호텔 빌리,,20200108,.,,,,,,,,,,부산광역시 중구 보수대로106번길 5 (보수동3가),6660,,관광호텔업,29,,163.1999969,384256.5059,180321.1982,,,,,,,김홍빈,등급없음,2020.12.37.,지하1층~지상8층,1035.27,-,2020,
부산,중구,브로시스 호텔,,20200724,,,,,,,,,,,부산광역시 중구 구덕로48번길 4 (남포동4가),6663,,관광호텔업,48,,472.6000061,385108.2876,179612.1737,,,,,,,성락식,-,2020.12.40.,지하2층~지상8층,2838.76,-,2020,
부산,중구,로얄관광호텔,,19821210,,A30,,,,,,,,,부산광역시 중구 광복로67번길 8,6742,1등급,관광호텔업,100,051 2411051,6488,385281.0971,179685.3524,,,-,,,-,김기철,등급없음,2020.12.35.,지하2층~지상16층,6569.09,-,1982,
부산,중구,힐사이드 관광호텔,,19880304,,A40,A40,,,,,,,,부산광역시 중구 중구로 160,6786,2등급,관광호텔업,45,051 4640567,836,385551.3951,180800.3253,2등급,,,,,,,,,,,,1988,
부산,중구,책앤아웃호스텔,,20170327,,,,,,,,,,,"부산광역시 중구 초량중로 8-1, 2층",6812,,관광호텔업,2,,60.65,385580.1904,181198.1507,,,,,,,박배웅,-,2020.12.38.,지하1층~지상4층,302.3,-,2017,
부산,동구,부산아리랑관광호텔,,19770413,20170103,A30,A30,,,,,,,,부산광역시 동구 중앙대로 196번길 8,7152,1등급,관광호텔업,120,051 4635001,8302.38,385939.5838,181366.4437,1등급,,-,,,,,,,,,,1977,
부산,동구,㈜삼양관광프라자호텔,,19720527,20170221,A40,A40,,,,,,,,부산광역시 동구 중앙대로180번길 12-15,7220,2등급,관광호텔업,61,051 4635011,1352.58,385891.8539,181102.7408,2등급,,,,,,,,,,,,1972,
부산,동구,국제관광호텔,,19811121,,A30,A40,A40,A40,A40,,,,,부산광역시 동구 범일로90번길 17,7262,1등급,관광호텔업,134,051 6421330,10449.82,387823.7179,184076.4814,2등급,2등급,2등급,2등급,,,,,,,,,1981,
부산,동구,(주)코리아시티,,19880901,,A50,A50,,,,,,,,부산광역시 동구 조방로 10,7339,3등급,관광호텔업,40,051 6437788,941.9,388002.4483,184046.2782,3등급,,,,,,,,,,,,1988,
부산,부산진구,하운드 관광호텔,,19850918,,,,A40,A40,A40,,,,,부산광역시 부산진구 중앙대로691번가길 10,7822,,관광호텔업,40,051809 7474,1470.07,387278.0849,185899.3526,,2성급,2성급,2성급,,,,,,,,,1985,
부산,부산진구,관광호텔 42번가,,20081024,,,,,,,,,,,부산광역시 부산진구 부전로 57,7918,,관광호텔업,37,051 809 2595,1589.2,387170.6688,185899.8803,,,등급보류,,,,,,,,,,2008,
부산,부산진구,더클럽 관광호텔,,20150310,,,,A50,A50,A50,,,,,부산광역시 부산진구 중앙대로691번길 46,8019,,관광호텔업,58,051 808 0125,2602,387314.6636,185900.0791,,3등급,3등급,3등급,,,,,,,,,2015,
부산,동래구,(주)동일관광호텔,,19811127,20140307,A20,,,,,,,,,부산광역시 동래구 온천장로 71,8202,특2등급,관광호텔업,32,051 556 2222,1736.68,389473.3199,192933.5382,,,,,,,,,,,,,1981,
부산,동래구,브라운도트 사직야구장점,,20200728,,,,,,,,,,,부산 동래구 사직북로13번길 11,8342,,관광호텔업,61,051 971 0511,,387564.8878,190550.1425,,,,,,,김국선,-,-,지하1층~지상10층,2606.23,,2020,
부산,동래구,호텔하늘아래,,20040623,20180810,,,,,,,,,,부산광역시 동래구 차밭골로 7,8361,,관광호텔업,31,051 5566364,1732.28,389395.7603,192989.8925,,,-,,,,,,,,,,2004,
부산,동래구,문화온천관광호텔,,19820322,20190704,A50,,,,,,,,,부산광역시 동래구 금강로 129,8362,3등급,관광호텔업,40,051 5585505,930.44,389322.4008,193209.1315,,,,,,,,,,,,,1982,
부산,남구,리오호텔,,19891204,20161205,A50,A50,,,,,,,,부산광역시 남구 수영로 180,8535,3등급,관광호텔업,40,051 645 3300,1596.89,390072.8674,183705.8643,3등급,,미등급,,,,,,,,,,1989,
부산,북구,브라운도트호텔 덕천점,,20190710,,,,,,,,,,,"부산광역시 북구 금곡대로8번길 20, 브라운도트호텔",8850,,관광호텔업,47,,1895.65,382619.4438,192023.4989,,,,,,등급보류,정경숙,-,-,지하1층~지상10층,2.340.27,,2019,
부산,해운대구,송정관광호텔,,19980917,,A30,A30,,A30,,,,,,부산광역시 해운대구 송정해변로 28,9129,1등급,관광호텔업,60,051 7027766,1847.99,400614.1942,189096.4315,1등급,,1등급,,,,,,,,,,1998,
부산,해운대구,GT호텔,,20030729,20210226,,,A40,A40,,,,,,부산광역시 해운대구 해운대해변로221번길 19,9247,,관광호텔업,47,051 7464461,1754.16,396389.8364,186703.4038,,2등급,2등급,,,,,,,,,,2003,
부산,해운대구,노보텔 앰배서더 부산,,19880701,20190221,A10,A10,A10,A10,A10,A10,,,,부산광역시 해운대구 해운대해변로 292,9355,특1등급,관광호텔업,329,051 7431234,13673,397022.9716,186692.0646,특1등급,특1등급,특1등급,특1등급,특1등급,,,,,,,,1988,
부산,해운대구,해운대그랜드호텔,,19960525,20191231,A10,A10,A10,A10,A10,A10,,,,부산광역시 해운대구 해운대해변로 217,9414,특1등급,관광호텔업,320,051 7400114,21621.03,396311.4784,186563.9636,특1등급,특1등급,특1등급,5성급,5성급,,,,,,,,1996,
부산,사하구,레이어스호텔,,20200921,,,,,,,,,,,부산광역시 사하구 낙동남로 1395(하단동),9528,,관광호텔업,350,051 271 1140,944.5800171,379032.3415,180407.1451,,,,,,,㈜지원홀딩스,-,-,지하2층~지상26층,13439.63,"휴게음식점, 사우나,소매점 등",2020,
부산,사하구,크로바호텔,,19871106,,A50,,,,,,,,,부산광역시 사하구 사하로 166,9577,3등급,관광호텔업,30,051 2056611,877.84,381753.5096,179296.1779,,,,,,,,,,,,,1987,
부산,연제구,콘티넬탈호텔,,20061102,20181123,,,,,,,,,,부산광역시 연제구 반송로 40,9936,,관광호텔업,60,051 8670900,3958,389843.4339,189632.2123,,,-,,,,,,,,,,2006,
부산,연제구,관광호텔미라보,,20010927,,A30,A30,,,,,,,,부산광역시 연제구 중앙대로 1121,10017,1등급,관광호텔업,34,051 8666225,2536.71,389597.5815,189908.1093,1등급,,-,,,,,,,,,,2001,
부산,수영구,베니키아 프레스관광호텔,,20101214,20150901,A40,,,,,,,,,부산광역시 수영구 남천동 25-6,10104,2등급,관광호텔업,54,051 611 0003,1333.69,392224.8282,184910.6864,,,,,,,,,,,,,2010,
부산,사상구,브라운도트호텔 사상점,,20160707,,,,,A40,A40,A40,,,,부산광역시 사상구 광장로81번길 55,10466,,관광호텔업,,,2446.32,380690.1951,186879.1603,,,2등급,2성급,2성급,기간만료,,,,,,,2016,
부산,사상구,플라밍고호텔,,19901215,20191219,A30,A30,A30,A30,A30,,,,,부산광역시 사상구 낙동대로 713,10512,1등급,관광호텔업,74,051 3108534,2216.62,379217.521,182483.6681,1등급,1등급,1등급,1등급,,,,,,,,,1990,
부산,기장군,브라운도트 호텔,1성,20161026,,,,,,,,,,,부산광역시 기장군 정관읍 산단1로 98-31,10741,,관광호텔업,41,051 741 1336,2174.06,398339.0138,204037.0103,,,,,,,브라운도트 호텔,,,지상8층,2174.06,"프론트, 로비, 조식공간등",2016,
대구,동구,호텔에어포트,,20020719,,A30,A30,,,A40,A40,,,,대구광역시 동구 공항로 221,11405,1등급,관광호텔업,51,053 2600001,7534.55,347946.2476,267876.7184,1등급,,1등급 (등급심사중),2성급,2성급,2,,,,,,,2002,
대구,서구,㈜뉴대구호텔,,20030805,20180430,A30,A30,,,,,,,,대구광역시 서구 서대구로 45,11532,1등급,관광호텔업,54,053 5592100,8030.9,340481.1647,263539.7328,1등급,,1등급 (등급심사중),,,,,,,,,,2003,
대구,남구,(주)이랜드파크 프린스호텔,,19881215,20190802,A20,A20,A30,A30,A30,A30,,,,대구광역시 남구 명덕로 148,11802,특2등급,관광호텔업,117,053 6281001,4399.2,343216.8885,262962.0379,특2등급,1등급,1등급,1등급,1등급,,,,,,,,1988,
대구,북구,(주)호텔 인터불고 엑스코,5성,20081216,,A10,A10,A20,A20,A20,,,,,대구광역시 북구 유통단지로 80,11966,특1등급,관광호텔업,303,053 380 0114,44617.7,345396.5604,268598.9428,특1등급,특2등급,특2등급,특2등급,,등급없음,김삼남,-,-,지하4층~17층,54703.44,"관광호텔, 옥외수영장, 예식홀, 유흥주점, 카페 등",2008,
대구,달성군,약산온천관광호텔,,19970116,,A50,A50,,A50,,,,,,대구광역시 달성군 논공 약산덧재길 81,12461,3등급,관광호텔업,33,053 6161100,1062.41,328965.1307,250161.4639,3등급,,3등급,,,-,㈜파라다이스 온천호텔,-,-,지하1층~지상3층,6896.14,"목욕장, 단란주점, 음식점 등",1997,
인천,중구,을왕관광호텔,,20040513,20181105,,,,,,,,,,중구 용유서로 304번길 12,12692,,관광호텔업,44,032 7512233,2114,144737.4314,438436.2752,,,,,,,노명순,,,지하1층~지상5층,1992.05,레스토랑 1개,2004,
인천,중구,호텔오션뷰,,20051226,,,,,,A50,A40,,,,인천광역시 중구 선녀바위로55번길 13,12709,,관광호텔업,30,032 7460075,907.07,144945.5347,437923.1086,,,평가중,3등급,2성급,등급없음,김성호,등급없음,,지하1층~지상7층,1137.84,레스토랑 1개,2005,
인천,중구,갤럭시관광호텔,,20121115,,A30,A50,A50,A50,A50,,,,,인천광역시 중구 월미문화로 9,12749,1등급,관광호텔업,33,032 777 2500,1274.84,164474.2361,441718.5052,3등급,3등급,3등급,3등급,,,,,,,,,2012,
인천,중구,오션사이드관광호텔,,20071017,,A40,A40,,A40,A40,A50,,,,인천광역시 중구 마시란로40,12834,2등급,관광호텔업,53,032 746 0072,1960.13,148697.8859,436202.8875,2등급,,2등급,2등급,1성급,등급없음,"변재영, 변지영",등급없음,,지하1층~지상5층,2671.81,레스토랑 1개,2007,
인천,중구,워커힐인천공항 환승호텔,,20010312,,,A30,A30,A30,,,,,,인천광역시 중구 공항로 272,12876,,관광호텔업,96,032 7433000,1817,150478.6591,442070.0102,1등급,1등급,1등급,,,,,,,,,,2001,
인천,미추홀구,수봉관광호텔,,19880922,20151117,,A40,,,,,,,,인천광역시 남구 경인로 195,13273,,관광호텔업,,3208686611,1182.97,170261.0571,440435.7761,2등급,,,,,,,,,,,,1988,
인천,연수구,베니키아프리미어 송도브릿지호텔,,20090712,20150820,A20,A20,,,,,,,,인천광역시 연수구 컨벤시아대로233,13634,특2등급,관광호텔업,241,032 210 3505,10386.4,167949.2287,431426.9922,특2등급,,,,,,,,,,,,2009,
인천,연수구,코코호텔,,20171031,,,,,,,,,,,연수구 용담로85번길 8-8,13707,,관광호텔업,50,032 814 6662,2460.84,171209.3341,434991.2796,,,,,,,,,,,,,2017,
인천,남동구,첼시호텔,,20050411,20180904,A50,,,,,,,,,인천광역시 남동구 용천로153번길 30,13742,3등급,관광호텔업,53,032 4347518,3579.38,174543.5588,440248.073,,,등급보류,,,,,,,,,,2005,
인천,서구,비즈 레지던스,,20150313,,,,,,,,,,,"인천광역시 서구 길주로 79, 10층",14573,,관광호텔업,69,,1078.25,170845.0637,444993.8378,,,ㅡ,,,,,,,,,,2015,
광주,동구,호텔히딩크콘티넨탈,,20030607,20170605,A40,A40,,,,,,,,광주광역시 동구 서석로10번길 5,15199,2등급,관광호텔업,55,062 2278500,5331.18,192221.9962,182822.5365,2등급,,등급없음,,,,,,,,,,2003,
광주,동구,GJ광주그린호텔,,20030607,20170607,,,,A40,,,,,,광주광역시 동구 구성로 145,15221,,관광호텔업,44,062 2521000,1055.06,191737.499,183451.8627,,,2등급,,,,,,,,,,2003,
광주,동구,(주)파레스관광호텔,,19881228,,A30,A30,,,,,,,,광주광역시 동구 중앙로160번길 13,15519,1등급,관광호텔업,30,062  2222525,1409.28,192147.8715,183178.8466,1등급,,등급보류,,,,,,,,,,1988,
광주,서구,(주)호텔예술의전당,,20101110,20190117,A30,A30,A50,A50,A50,,,,,광주광역시 서구 시청로20번길 2,15644,1등급,관광호텔업,61,062 600 9999,3390,186446.035,183445.3013,1등급,3등급,3등급,3등급,,,,,,,,,2010,
광주,남구,프라도관광호텔,,20001208,20181231,A20,A20,A30,A30,A30,,,,,광주광역시 남구 독립로 19,15887,특2등급,관광호텔업,111,062 6549999,3621.81,190902.0895,181822.343,특2등급,1등급,1등급,1등급,,,,,,,,,2000,
광주,북구,리젠트관광호텔,,20001123,20181001,,,,,,,,,,광주광역시 북구 북문대로 86-4,16325,,관광호텔업,37,062 5215500,2536.4,188800.6156,186546.8441,,,등급보류,,,,,,,,,,2000,
광주,광산구,싼타모 관광호텔,,19970624,,A40,A40,,,,,,,,광주광역시 광산구 사암로216번길 10-11,16643,2등급,관광호텔업,38,062 9565000,1538,182574.2424,184844.9628,2등급,,,,,,,,,,,,1997,
대전,동구,에이치.아이호텔((구) 한일관광호텔),,19891007,,A50,A50,,,,,,,,대전광역시 동구 용운로 169,16688,3등급,관광호텔업,31,042 2834401,1365.43,241341.2542,314241.0853,3등급,,,,,,,,,,,,1989,
대전,동구,샤모니웨딩관광호텔,,19900608,,A30,A30,,,,,,,,대전광역시 동구 동서대로1683번길46-8,16718,1등급,관광호텔업,65,042 6218400,6700.98,239072.7955,316787.2554,1등급,,등급없음,,,,,,,,,,1990,
대전,동구,코스모스관광호텔,,19891229,20151113,A30,A30,,,,,,,,대전광역시 동구 동서대로1695번길8,16857,1등급,관광호텔업,32,042 6283400,877.72,239243.1025,316671.4401,1등급,,,,,,,,,,,,1989,
대전,중구,럭키관광호텔,,19891123,,A40,A40,A50,A50,A50,,,,,대전광역시 중구 당디로 112,17348,2등급,관광호텔업,30,042 5839481,991.18,235104.4851,312755.5467,2등급,3등급,3등급,3등급,,,,,,,,,1989,
대전,중구,반지관광호텔,,20080911,,A50,A50,,A50,,,,,,대전광역시 중구 대종로386번길 45,17361,3등급,관광호텔업,48,042 221 7733,1821,238831.5292,313420.7514,3등급,,3등급,,,,,,,,,,2008,
대전,중구,베니스호텔,,20051122,,,,,,,,,,,대전광역시 중구 당디로 104,17447,,관광호텔업,39,042 5812944,1826.97,235108.819,312676.7653,,,등급없음,,,,,,,,,,2005,
대전,유성구,아드리아,,19911207,,A30,A30,A30,A30,A30,,,,,대전광역시 유성구 봉명동 442-5,17866,1등급,관광호텔업,75,042 8283636,2891.4,230461.6701,317303.845,1등급,1등급,1등급,3성급,,,,,,,,,1991,
대전,유성구,비스테이션,,20010420,,A30,A30,,,,,,,,대전광역시 유성구 봉명동 544-1,17882,1등급,관광호텔업,36,042 7198000,1185,231069.7953,317025.7441,1등급,,,,,,,,,,,,2001,
울산,남구,태화관광호텔,,19791113,20141226,A40,A40,,,,,,,,울산광역시 남구 남산로 386,18525,2등급,관광호텔업,103,052 2722001,464.8,409087.9513,230134.4328,2등급,,,,,,,,,,,,1979,
울산,남구,에쉬튼(ASHTON) 호텔,,20200923,,,,,,,,,,,울산광역시 남구 중앙로213번길 8,18557,,관광호텔업,57,052 265 6081,347,409526.5567,229138.2178,,,,,,,㈜미래로,등급없음,-,"지하1층, 지상15층",3278,"카페, 다목적홀, 레스토랑, 루프탑(수영장)",2020,
울산,남구,올림피아관광호텔,,19881201,20181001,A40,A40,,,A40,,,,,울산광역시 남구 문수로 483-14,18560,2등급,관광호텔업,41,052 2718401,1310.13,409104.9907,228402.0699,2등급,,-,2성급,,,,,,,,,1988,
울산,울주군,진하마리나리조트,,20131105,20171109,,,,,,,,,,울산광역시 울주군  서생면 진하7길 7,19113,,관광호텔업,30,052 912 5561,4277.66,413032.0634,212132.0019,,,평가 중,,,,,,,,,,2013,
경기,수원시,호텔일마레,,20090128,.,A40,A40,A40,A40,,,,,,경기도 수원시 권선구 권광로123번길 12,19514,2등급,관광호텔업,40,031 2331123,1620.09,202593.7322,417475.1531,2등급,2등급,2등급,,,,,,,,,,2009,
경기,수원시,제이디호텔,,19930928,,,,,,,,,,,경기도 수원시 팔달구 권광로 134번길 44-8,19592,,관광호텔업,36,031 2219039,441.84,202873.6109,417421.2847,,,등급보류,,,,,,,,,,1993,
경기,수원시,오라고호텔,,20151229,,,,,,,,,,,경기도 수원시 권선구 경수대로199번길 24-5,19716,,관광호텔업,31,031 221 5625,1233.21,201320.5182,415958.8455,,,등급없음,,,,,,,,,,2015,
경기,수원시,별헤는밤,,20140320,.,,,,,,,,,,경기도 수원시 팔달구 인계동 1039-12,19902,,관광호텔업,48,,435.8,202760.6064,418228.2776,,,,,,,,,,,,,2014,
경기,수원시,네스트아이와이관광호텔,,19970904,.,,,,,,,,,,경기도 수원시 팔달구 경수대로466번길 27,19942,,관광호텔업,48,031 2357001,2357.48,202479.9525,418388.9662,,,등급보류,,,,,,,,,,1997,
경기,수원시,호텔 리젠시,,19770327,20160517,A30,A30,,,,,,,,경기도 수원시 팔달구 매산로 159,19949,1등급,관광호텔업,71,031 2464141,1290.81,201474.0018,419085.8911,1등급,,,,,,,,,,,,1977,
경기,수원시,호텔캐슬,,19860220,20180709,A20,A20,A20,A20,A20,,,,,경기도 수원시 팔달구 중부대로 203,19950,특2등급,관광호텔업,98,031 2116666,9321.76,203366.9374,419434.7501,특2등급,특2등급,특2등급,특2등급,,,,,,,,,1986,
경기,수원시,벨아미호텔,,20121108,.,,,,,,,,,,경기도 수원시 팔달구 인계로166번길 23,19994,,관광호텔업,42,031 221 6817,1960.71,203071.348,418152.3505,,,등급없음,,,,,,,,,,2012,
경기,수원시,셀트럴프라자,,20000121,20140820,,,,,,,,,,경기도 수원시 팔달구 인계로108번길 39-21,20166,,관광호텔업,58,031 2233073,1728,202592.6889,418218.0968,,,등급보류,,,,,,,,,,2000,
경기,수원시,발리호텔,,20140522,20141202,,,,,,,,,,경기도 수원시 영통구 반달로35번길 17,20167,,관광호텔업,30,312022500,1628.59,206717.2149,416626.3281,,,등급없음,,,,,,,,,,2014,
경기,수원시,호텔코리아,,20050825,20060209,A30,A30,,,,,,,,경기도 수원시 팔달구 권광로175번길 62,20260,1등급,관광호텔업,70,031 2215678,353987,202501.7846,418040.4596,1등급,,,,,,,,,,,,2005,
경기,의정부시,의정부 관광호텔,,20131004,20171031,,A50,A50,A50,,,,,,경기도 의정부시 호국로 1342,21044,,관광호텔업,48,031 841 1400,2191.59,204623.7267,471343.6846,3등급,3등급,3등급,,,,,,,,,,2013,
경기,부천시,시크릿관광호텔,,20110624,,,,,,,,,,,경기도 부천시 원미구 길주로 77번길 19-8,22024,,관광호텔업,42,032 325 9090,2197,177880.9207,444994.1218,,,등급없음,,,,,,,,,,2011,
경기,부천시,고려관광호텔,,20041109,,A20,,A20,A20,A20,,,,,경기도 부천시 원미구 길주로 66,22095,특2등급,관광호텔업,127,032 3290001,5613.66,177783.2073,444827.1041,,특2등급,특2등급,특2등급,,기간만료 (평가중),유한회사 고려,기간만료,-,지하3층~지상15층,12695.09,"커피숍, 비즈니스룸, 일반음식접, 유흥주점, 연희장 ",2004,
경기,부천시,스카이관광호텔,,20060228,.,A30,,,,,,,,,경기도 부천시 원미구 길주로 77번길 19-22,22099,1등급,관광호텔업,133,3250000,3810.24,177863.1317,444996.8865,,,,,,,,,,,,,2006,
경기,부천시,마이관광호텔,,20101221,,,,,,,,,,,경기도 부천시 원미구 길주로 121번길 18-11,22152,,관광호텔업,56,032 322 3593,2214,178415.6855,444963.1772,,,등급보류,,,,,,,,,,2010,
경기,부천시,N관광호텔,,20110419,,,,,,,,,,,경기도 부천시 원미구 길주로 77번길 55-15,22156,,관광호텔업,37,032 321 6401,1364,177973.4956,445020.3822,,,,,,,,,,,,,2011,
경기,평택시,영천관광호텔,,20010821,20140429,A40,,,,,,,,,경기도 평택시 쇼핑로 19-3,22313,2등급,관광호텔업,66,6664000,1247.81,204482.484,397716.9334,,,,,,,,,,,,,2001,
경기,평택시,오산관광호텔,,19951228,,A50,,,,,,,,,경기도 평택시 신장로 41-5,22595,3등급,관광호텔업,55,6648960,1531.3,204373.7427,397464.0934,,,등급없음,,,-,김혜정,등급없음,-,지하1층~지상7층,2557.41,"프론트, 식당",1995,
경기,평택시,로얄관광호텔,,19870826,,,,,,,,,,,경기도 평택시 팽성읍 안정로21번길 31,22641,,관광호텔업,33,031 691 9290,1707.27,203995.2338,384294.4623,,,등급없음,,,-,정병희,등급없음,-,지하1층~지상5층,1226.04,"프론트, 식당",1987,
경기,평택시,호텔샤인,,20010706,,A20,A20,,A20,A20,,,,,경기도 평택시 현덕면 평택호길 39-15,22643,특2등급,관광호텔업,87,031 6838899,11797.05,192013.8299,379423.9384,특2등급,,특2등급,특2등급,,-,양은학 외 1 명,기간만료,-,지하2층~지상10층,11797,"프론트, 커피숍, 식당, 연회장, 웨딩홀",2001,
경기,동두천시,유림관광호텔,,19770117,20160404,A40,A40,,,,,,,,경기도 동두천시 평화로 2389,22704,2등급,관광호텔업,33,031 8652101,0,204984.8419,488756.1308,2등급,,,,,,,,,,,,1977,
경기,동두천시,동두천관광호텔,,19900207,20170428,A50,A50,,A50,,,,,,경기도 동두천시 평화로 2497,22731,3등급,관광호텔업,30,031 8627171,1071,205007.7508,489795.4582,3등급,,3등급,,,,,,,,,,1990,
경기,동두천시,뉴프리첼관광호텔,,20010710,,A50,A50,,A50,A50,,,,,경기도 동두천시 삼육사로 1093,22742,3등급,관광호텔업,39,031 8623399,1673,206166.0822,488273.898,3등급,,3등급,3등급,,등급없음,주식회사 제일상호저축은행,등급없음,-,지하2~지상7층,4723,"나이트클럽, 한,양식당, 예식장, 미용실, 노래방 1개소",2001,
경기,안산시,㈜에스앤비자산 안산지점 서원관광호텔,,19921127,,A40,,A50,A50,A50,,,,,경기도 안산시 상록구 서암로 8,22864,2등급,관광호텔업,34,031 4079031,1034.55,186631.829,422251.3986,,3등급,3등급,3등급,,등급없음,김충영,평가중,-,지하3~지상6층,4083.63,-,1992,
경기,안산시,로얄헤리티지호텔,,20160613,20160630,,,,,A30,A30,,,,경기도 안산시 단원구 중앙대로 869,22973,,관광호텔업,401,4132222,0,185110.2034,423940.9271,,,등급없음,3성급,3성급,,,,,,,,2016,
경기,안산시,럭셔리관광호텔,,20071207,20170824,A50,,A50,A50,A50,,,,,경기도 안산시 단원구 중앙대로 945,22974,3등급,관광호텔업,108,,5185.07,185904.3211,423906.3529,,3등급,3등급,3등급,,,,,,,,,2007,
경기,안산시,리오관광호텔,,20010314,20180801,A30,A40,A40,A40,A40,,,,,경기도 안산시 상록구 구룡로1길 19,22998,1등급,관광호텔업,52,031 4174100,1692.3,188231.1238,423107.6673,2등급,2등급,2등급,2등급,,,,,,,,,2001,
경기,안산시,미라마관광호텔,,19970204,20141023,A30,,,,,,,,,경기도 안산시 단원구 중앙대로 873,23016,1등급,관광호텔업,60,031 4010114,0,185194.401,423935.2322,,,,,,,,,,,,,1997,
경기,고양시,클레오파트라,,20000616,,A50,A50,A50,A50,A50,,,,,경기도 고양시 일산동구 장백로 34,23170,3등급,관광호텔업,58,031 9080062,3224.7,181276.6424,459931.71,3등급,3등급,3등급,3등급,,,,,,,,,2000,
경기,고양시,캘리포니아,,19981020,,A50,A50,A50,A50,A50,,,,,경기도 고양시 일산동구 중앙로 1029,23230,3등급,관광호텔업,54,031 9075060,1840.49,181283.655,459984.995,3등급,3등급,3등급,3등급,,,,,,,,,1998,
경기,남양주시,CH관광호텔,,20190424,,,,,,,,,,,남양주시 별내면 청학리 438번지,23432,,관광호텔업,55,,2528.66,210373.0755,467213.3511,,,,,,등급보류,이승연,등급보류,-,4층(지하2~지상4),4992,"연회장, 휴게음식점",2019,
경기,오산시,럭셔리관광호텔,,20031007,,A50,A50,A50,A50,A50,,,,,경기도 오산시 경기대로 231,23798,3등급,관광호텔업,50,031 3788013,2974.36,206432.934,404860.2366,3등급,1성급,1성급,1성급,,,,,,,,,2003,
경기,시흥시,벨라지오,,20030205,,A30,A30,A50,A50,A50,,,,,경기도 시흥시 연성로13번길 4,23864,1등급,관광호텔업,54,031 4047711,3305.55,182697.8976,432064.0582,1등급,3등급,3등급,3등급,,등급보류,허창덕,등급보류,2019.9.20.,지하2층~지상13층,4901.93,"휴게음식점, 일반음식점",2003,
경기,하남시,호텔 연,,20131002,,,,,,,,,,,경기도 하남시 하남대로776번길 50,24162,,관광호텔업,47,031 7951800,2208.27,218783.025,448689.22,,,등급보류,,,등급보류,김연희,등급미정,-,지하2층~지상9층,2467.27,"레스토랑, 커피숍, 옥상정원",2013,
경기,하남시,루시관광호텔,,20020626,,,,,,,,,,,경기도 하남시 하남대로776번길 14-30,24168,,관광호텔업,47,031 7965500,2017,218767.7734,448674.2559,,,등급없음,,,,,,,,,,2002,
경기,파주시,호텔 뷰티풀,,20191030,,,,,,,,,,,푸자시 중앙로 94-9,24514,,관광호텔업,70,031 941 3555,5048,181717.5574,472138.9937,,,,,,신청중,한승용,등급보류,신청완료,지하2층~지상5층,5064.98,"레스토랑, 커피숍, 연회장, 비즈니스룸",2019,
경기,이천시,㈜바이오 피드백,,19911210,,A20,,A40,A40,A40,,,,,경기도 이천시 중리천로115번길 45,24728,특2등급,관광호텔업,209,031 639 5000,9802.69,239936.8865,419420.2778,,2등급,2등급,2등급,,등급보류(평가중),㈜바이오피드백,등급보류,2020. 3. 20.,지하1층~지상10층,32547,-,1991,
경기,안성시,호텔 에이치,,20200122,,,,,,,,,,,경기도 안성시 죽산면 죽주로 268,24927,,관광호텔업,40,031 672 8667,791,237743.1929,397169.4082,,,,,,,주식회사 드림터치네트웍스,평가중,-,8층(지하1~지상7),2134.14,-,2020,
경기,김포시,라인플러스호텔,,20130830,,A50,A50,A50,A50,A50,A50,,,,경기도 김포시 통진읍 김포대로 2337-1,25023,3등급,관광호텔업,36,031 996 8056,1265.48,163582.3863,465862.1616,3등급,3등급,3등급,1성급,1성급,,,,,,,,2013,
경기,김포시,스타비아 관광호텔,,20200424,,,,,,,,,,,경기도 김포시 태장로795번길 147 (장기동),25038,,관광호텔업,69,031 981 1189,1271.900024,172097.4189,459816.3923,,,,,,,주식회사 유림인터내셔널,평가중,-,지하1층~지상7층,4842.46,"식당공간, 카페 등",2020,
경기,연천군,한탄강관광호텔,,19980721,20140702,A40,,,,,,,,,경기도 연천군 전곡읍 선사로 206,25120,2등급,관광호텔업,38,031 8328091,0,206130.6072,500778.286,,,,,,,,,,,,,1998,
경기,가평군,가평관광호텔,,19940902,20151214,A50,A50,,,,,,,,경기도 가평군 보납로34번길 16,25300,3등급,관광호텔업,41,031 5810505,987.48,245240.0452,480903.4824,3등급,,,,,,,,,,,,1994,
경기,가평군,나이아가라관광호텔,,19911223,,,,,,,,,,,경기도 가평군 설악면 유명로 2384,25401,,관광호텔업,47,031585 4432,2630.14,239213.6203,467735.1576,,,,,,,,,,,,,1991,
경기,가평군,파로티아 워터하우스호텔,,20180604,,,,,,,,,,,경기도 가평군 설악면 미사리로 707-98,25613,,관광호텔업,65,031 584 6800,3897.7,247671.448,468525.505,,,,,,-,강유진,미신청,-,지하1~지상3,5148.75,-,2018,
경기,양평군,양평리조트,,19880725,,A50,A50,,,,,,,,경기도 양평군 양평읍 경강로 1620,25882,3등급,관광호텔업,36,031774 8800,1225.25,240802.9611,444760.2305,3등급,,-,,,등급미신청,주식회사 휴먼터치,등급없음,-,지하1층~지상5층,2061.8,-,1988,
강원,춘천시,KT&G 상상마당 춘천스테이,,20140501,,,A20,A20,A20,,,,,,강원도 춘천시 스포츠타운길 399번길 22,26456,,관광호텔업,58,033 818 4200,2691,261744.9616,485806.7195,특2등급,특2등급,특2등급,,,,,,,,,,2014,
강원,동해시,대주관광호텔,,19940422,,A30,,,A30,,,,,,강원도 동해시 중앙로 210-1,27768,1등급,관광호텔업,39,033 5341004,3404.42,387018.3078,448506.244,,,1등급,,,등급보류,,,,,,,1994,
강원,태백시,태백관광호텔(SORANO HOTEL),,20020124,,,,,,,,,,,강원도 태백시 기장밭길 7-1,27905,,관광호텔업,64,033 5538080,3044.26,374122.1176,412611.9994,,,등급없음,,,등급보류,이명숙,,,지상6층,3044,"식당, 회의실, 세탁실, 비지니스룸, 족구장. 대회의실",2002,
강원,속초시,설악파크호텔,,19800414,20160905,A20,A20,A20,,,,,,,강원도 속초시 설악산로 852-15,28055,특2등급,관광호텔업,121,033 6367711,,332532.4384,519629.0734,특2등급,특2등급,,,,,,,,,,,1980,
강원,속초시,에스관광호텔,,19900727,20201102,,,,,,,,,,강원도 속초시 중앙로 104,28076,,관광호텔업,60,033 6318450,2817.3,338988.6425,523249.222,,,등급없음,,,,,,,,,,1990,
강원,속초시,설악산관광호텔,,19920526,,A40,A40,,,A40,,,,,강원도 속초시 살악산로 1042,28296,2등급,관광호텔업,43,033 6387104,,330334.4278,520067.7325,2등급,,,2등급,,,설악산관광호텔,,,지하1~지상4,3020,,1992,
강원,삼척시,삼척온천관광호텔,,20100825,20200102,,A30,A30,A30,A30,A40,,,,강원도 삼척시 동해대로 4098,28360,,관광호텔업,57,033 5707899,3091.17,392858.5424,440481.4696,1등급,1등급,1등급,1등급,2성급,,,,,,,,2010,
강원,삼척시,호텔펠리스,,20020720,,,A20,,,,,,,,강원도 삼척시 새천년도로 219,28441,,관광호텔업,100,033 5757000,7500.3,393588.0316,440717.4595,특2등급,,,,,,,,,,,,2002,
강원,홍천군,홍천관광호텔,,20030731,,A40,A40,,,,,,,,강원도 홍천군 홍천읍 꽃뫼로 147,28622,2등급,관광호텔업,54,033 4331221,1946.16,278443.9768,465909.6436,2등급,,,,,,,,,,,,2003,
강원,정선군,아이비관광호텔,,20070108,.,,,,,,,,,,강원도 정선군 남면 무릉4로 2,29254,,관광호텔업,50,033 5920007,2132,357578.8666,417446.4247,,,등급없음,,,등급없음,박정숙,,,지하2층~지상8층,444.0354,,2007,
강원,정선군,하이밸리호텔,,20080118,,A50,,,,,,,,,강원도 정선군 고한읍 고한로 28-1,29396,3등급,관광호텔업,80,033 592 2003,2762.22,363510.6861,413417.298,,,,,,,,,,,,,2008,
강원,철원군,대명관광호텔,,19851015,,,,,,,,,,,강원도 철원군 서면 와수로 181번길 15,29508,,관광호텔업,46,033 4588167,1391.43,238289.4989,526395.9657,,,미정,,,,,,,,,,1985,
충북,충주시,그랜드관광호텔,,19900118,,A30,A30,,,,,,,,충청북도 충주시 봉방동 855,30686,1등급,관광호텔업,64,043 8485554,2558.4,281453.2011,385815.392,1등급,,등급없음,,,,,,,,,,1990,
충북,충주시,충주호리조트관광호텔,,19900620,,A30,A30,,,A30,,,,,충청북도 충주시 동량면 하천리 472,30724,1등급,관광호텔업,60,043 8567890,1764,292385.9233,392956.6923,1등급,,-,1등급,,-,㈜추당물산,휴업중,,지하1층~지상3층,6568.59,"음식점, 카페, 연회장, 헬스장, 웨딩홀 등",1990,
충북,제천시,뉴영동관광호텔,,20120413,20180423,,,,,,,,,,충청북도 제천시 화산동 986,30873,,관광호텔업,32,043 645 3000,1127,308252.1596,403556.4143,,,,,,,,,,,,,2012,
충북,제천시,청풍힐호텔,,19970930,,A30,A30,,,,,,,,충청북도 제천시 청풍면 교리 33,30942,1등급,관광호텔업,96,043 6407100,9014.54,304887.4889,391501.8809,1등급,,,,,,,,,,,,1997,
충북,옥천군,옥천관광호텔,,19930728,,A50,A50,,,A30,A50,,,,충청북도 옥천군 옥천읍 옥천로 1553,31153,3등급,관광호텔업,36,043 7312435,1712,250611.2087,311652.8894,3등급,,등급없음,3성급,3등급,등급보류,옥천관광호텔,판정 보류,-,9층(지하1층~지상8층),3162,목욕탕,1993,
충북,음성군,서울관광호텔,,20140613,,,,A50,A50,A30,,,,,충청북도 음성군 대소면 삼양로 572-1,31469,,관광호텔업,52,043 881 2098,2454.03,242081.4504,385878.073,,1성급,1성급,1등급,,,,,,,,,2014,
충남,천안시,천안관광호텔,,19970129,,,,,,,,,,,천안시 서북구 양지21길 42,31823,,관광호텔업,56,041 5920000,960,212443.7803,367898.9438,,,,,,,문숙정,심사중,,지하1층 지상7층,3786,"레스토랑, 미팅룸 등",1997,
충남,천안시,오엔스마트 관광호텔,,20060228,,,,,,,,,,,충청남도 천안시 서북구 검은들3길 57,31964,,관광호텔업,74,041 5638700,1875.58,209765.2634,367659.6012,,,,,,,,,,,,,2006,
충남,공주시,금강관광호텔,,20040120,,,,,,,,,,,충청남도 공주시 신관동 595-8,32234,,관광호텔업,49,041 8521071,2174,211672.4275,329945.5119,,,,,,,,,,,,,2004,
충남,아산시,W HOTEL,,19900203,,A40,A40,,,,,,,,충청남도 아산시 충무로20번길14,32769,2등급,관광호텔업,51,041 532 8970,1390.04,200560.6344,364821.5331,2등급,,,,,,,,,,,,1990,
충남,서산시,베니키아호텔 서산,,20180511,,,,,,,,,,,충청남도 서산시 안견로 465,33422,,관광호텔업,194,041 666 8114,10383.32,149764.7291,364954.1883,,,,,,등급없음,㈜삼운레저,등급없음,,지하3~지상13층,29516.37,"웨딩홀, 컨벤션홀, 레스토랑, 커피숍 등",2018,
충남,논산시,에버그린관광호텔,,19950706,,A40,A40,,,,,,,,충청남도 논산시 연무읍 황화로 369,33536,2등급,관광호텔업,32,,1090.27,208667.4989,289323.3668,2등급,,등급없음,,,,,,,,,,1995,
충남,논산시,큐엔타워,,19910225,20190405,A40,A40,,,,,,,,충청남도 논산시 중앙로 464,33592,2등급,관광호텔업,34,041 7358971,541.29,207597.0042,300451.285,2등급,,등급없음,,,등급없음,,,,,,,1991,
충남,예산군,덕산온천관광호텔,,19970422,20040708,A40,A40,,,,,,,,충청남도 예산군 덕산면 온천단지2로 23,34177,2등급,관광호텔업,62,3385000,0,,,2등급,,,,,,,,,,,,1997,
충남,예산군,덕산온천관광호텔,,19970422,20180404,A40,A40,,,,,,,,충청남도 예산군 덕산면 온천단지2로 23,34186,2등급,관광호텔업,62,3385000,3247.48,169466.2995,354257.3302,2등급,,,,,,,,,,,,1997,
충남,예산군,가야관광호텔,,20030822,.,A40,A40,,,,,,,,충청남도 예산군 덕산면 신평1길 14,34194,2등급,관광호텔업,48,3370101,697.36,169769.9666,354736.0226,2등급,,,,,경매중,가야개발주식회사,,,지하1층~지상3층,4586.67,"숙박, 연희장, 사우나,유흥주점, 맛사지,음식점",2003,
전북,전주시,㈜이랜트파크 전주코아호텔(구. 전주코아호텔),,19851130,,A20,A20,,,,,,,,전라북도 전주시 완산구 노송동 627-3,35422,특2등급,관광호텔업,111,063 2851100,2911.6,213070.929,258364.794,특2등급,,.,,,등급없음,㈜이랜드파크(윤성대),등급없음,-,"지하2층, 지상12층",12622,,1985,
전북,정읍시,내장산관광호텔,,19810213,20030324,A30,A30,,,,,,,,전라북도 정읍시 내장동 71번지 14호,36497,1등급,관광호텔업,104,,9775,193494.0492,221340.2533,1등급,,,,,,,,,,,,1981,
전북,남원시,지리산구룡관광호텔,,19980616,,A40,A40,,,,,,,,전라북도 남원시 인월면 천왕봉로 143,36740,2등급,관광호텔업,54,063 631 6300,1816.44,255259.0102,217252.4081,2등급,,,,,,,,,,,,1998,
전북,남원시,㈜오헤브데이 호텔,,20200429,,,,,,,,,,,전북 남원시 운봉읍 바래봉길 193,36808,,관광호텔업,77,063 636 8000,11301,249616.5319,214986.7315,,,,,,,박원숙,등급보류,2020.11.06,지상1층 ~ 지상4층,4650.05,"음식점, 카페, 미팅룸 등",2020,
전북,완주군,대둔산관광호텔,,19901208,,A40,A40,A40,A40,,,,,,전라북도 완주군 운주면 대둔산공원길 45,36988,2등급,관광호텔업,68,063 2631260,2843.85,229714.5929,290678.5747,2등급,2등급,2등급,,,,,,,,,,1990,
전북,고창군,선운산관광호텔,,20010921,,A30,A30,,,,,,,,전라북도 고창군 아산면 삼인리 287-5,37400,1등급,관광호텔업,68,063561 3377,1449.16,162267.3285,222766.489,1등급,,,,,,,,,,,,2001,
전남,여수시,오동도호텔,,20140319,,,,,,,,,,,여수시 오동도로 102,38338,,관광호텔업,,061665 1234,1884.21,268809.707,138370.618,,,,,,,김덕진,등급없음,-,지상3층~지상6층,536.96,"일반음식점, 휴게음식점",2014,
전남,여수시,한옥호텔 오동재,,20120425,,,,,,,,,,,전라남도 여수시 덕충동 394-5,38583,,관광호텔업,32,061 650 0300,2209.44,268336.1582,139883.5861,,,,,,,김은우,평가중,-,지상1층~지상4층,2723.22,"일반음식점, 회의실",2012,
전남,여수시,브린츠관광호텔,,20110812,20200626,A50,A50,A50,,,,,,,전라남도 여수시 여서1로 65,38839,3등급,관광호텔업,69,061 650 0000,7626.11,264438.0139,139626.3802,3등급,3등급,,,,,,,,,,,2011,
전남,광양시,필레모호텔,,20060413,,A20,,A40,A40,A40,,,,,전라남도 광양시 광양읍 인동리412-1,39520,특2등급,관광호텔업,46,061 7618700,1859.35,253816.6996,163670.4124,,2등급,2등급,2등급,,,,,,,,,2006,
전남,담양군,담양리조트 가족호텔,,20031106,20120206,,,,,,,,,,전남 담양군 담양읍 삼거리길 5,39592,,관광호텔업,36,061 3805000,4200,,,,,,,,,이수금,-,-,지하1층~지상4층,1637.98,"한식당, 카페, 연회장, 세미나실, 온천, 웨딩홀",2003,
전남,담양군,담양리조트 가족호텔,,20120207,,,,,,,,,,,전남 담양군 담양읍 삼거리길 5,39629,,관광호텔업,36,061 380 5000,4200,202147.3354,207357.1166,,,,,,,이수금,-,-,지하1층~지상4층,1637.98,"한식당, 카페, 연회장, 세미나실, 온천, 웨딩홀",2012,
전남,구례군,지리산온천관광호텔,,20001104,20200400,A30,A30,,A30,A30,,,,,전라남도 구례군 산동면 지리산온천로 261,39725,1등급,관광호텔업,86,061 7837770,1053,241716.2111,202314.0564,1등급,,1등급,1등급,,,,,,,,,2000,
전남,구례군,지리산스위스호텔,,19970530,.,A30,A30,A40,A40,A40,,,,,전라남도 구례군 마산면 화엄사로 314,39732,1등급,관광호텔업,42,061 7830156,1494.45,244316.8695,193259.2632,1등급,2등급,2등급,2등급,,,,,,,,,1997,
전남,구례군,지리산프라자호텔,,19880809,,A30,A30,A30,A30,A30,,,,,전라남도 구례군 마산면 화엄사로 464,39757,1등급,관광호텔업,57,061 7822171,6690.25,244852.0912,194486.9805,1등급,3성급,3성급,3성급,,,,,,,,,1988,
전남,고흥군,빅토리아호텔,,20050712,,,,,,,,,,,전남 고흥군 도화면 천마로 2736-29,39883,,관광호텔업,55,061 832 3711,2155.14,232370.4696,110354.8167,,,,,,,,,,,,,2005,
전남,해남군,해남관광호텔,,20000223,,,,,,,,,,,해남군 해남읍 남동길 5,40188,,관광호텔업,41,061 5371000,1843,162995.9186,119165.5682,,,신청중,,,,,,,,,,2000,
전남,해남군,아름다운관광호텔,,20010111,20200624,,A50,A50,,,,,,,전라남도 해남군 문내면 명량로 196,40223,,관광호텔업,45,061 5350790,1187.85,137096.7893,122167.3321,3등급,3등급,,,,,,,,,,,2001,
전남,신안군,흑산가족비치호텔,,20001214,,,,,,,,,,,전남 신안군 흑산일주로 180-19,40935,,관광호텔업,53,061 2460090,176270,56247.38819,132926.1464,,,,,,,(재)광주구천주교회유지재단,등급없음,미대상,지하1층~지상5층,842,"식당,노래방,휴게음식점",2000,
경북,포항시,선프린스관광 호텔,,19871106,20150902,A40,A40,,,,,,,,경상북도 포항시 북구 중앙동 17,41020,2등급,관광호텔업,30,054 2422800,0,413376.8946,284542.8903,2등급,,,,,,,,,,,,1987,
경북,포항시,갤럭시관광호텔,,19971216,.,A30,A30,A30,A30,,,,,,경상북도 포항시 북구 두호동 664,41357,1등급,관광호텔업,39,054 2519988,1554.52,414168.1389,286700.1742,1등급,1등급,1등급,,,,,,,,,,1997,
경북,경주시,콩코드호텔,,19790314,20160923,A10,A10,,,,,,,,경상북도 경주시 신평동 410,41662,특1등급,관광호텔업,284,054 7457000,23213.7,406283.8717,262954.6335,특1등급,,,,,,,,,,,,1979,
경북,경주시,경주온천관광호텔,,19791024,,A30,A30,,A30,,,,,,경상북도 경주시 구정동 145-1,42252,1등급,관광호텔업,104,054 7466661,2162.32,407971.1171,255902.3522,1등급,,1등급,,,등급없음,주식회사 중원미디어,등급없음,-,지하1~지상5,16985.9,"사우나, 커피숍, 스낵코너, 레스토랑, 급식소 등",1979,
경북,김천시,㈜김천그랜드호텔,,19911015,,A30,A30,,A30,A30,,,,,경상북도 김천시 송설로 146,42382,1등급,관광호텔업,65,054 4339001,2316.6,298979.9997,291987.0255,1등급,,1등급,1등급,,등급없음,이이웅,등급없음,,지하2층~지상8층,10910,,1991,
경북,구미시,리오관광호텔,,20030730,20141110,,,,,,,,,,경상북도 구미시 문화로 12-2,42776,,관광호텔업,50,054 4610022,5403.71,324107.0901,290815.5631,,,,,,,,,,,,,2003,
경북,구미시,구미관광호텔,,20030819,20140618,A30,A30,,,,,,,,경상북도 구미시 오산로 217-16,42819,1등급,관광호텔업,46,054 4512000,1830.93,320656.0968,292532.6943,1등급,,,,,,,,,,,,2003,
경북,구미시,구미 LORD관광호텔,,20030730,,,,,,,,,,,경상북도 구미시 송원서로 4길 33,42946,,관광호텔업,32,054 614 3600,1054.32,321250.0043,292240.5894,,,등급보류,,,,,,,,,,2003,
경북,구미시,금오관광호텔,,20030730,,,,,,,,,,,경상북도 구미시 문화로 12-2,42995,,관광호텔업,38,054 4513700,1623.18,319897.0502,292858.8008,,,,,,,,,,,,,2003,
경북,구미시,킴스관광호텔,,20041130,,A50,A50,,,,,,,,경상북도 구미시 인동중앙로 3길 20,43136,3등급,관광호텔업,42,054 476 9994,1697.68,327746.5502,290674.1118,3등급,,,,,,,,,,,,2004,
경북,상주시,상주관광호텔,,20040614,20180711,A40,A40,,,,,,,,경상북도 상주시 서성2길 12,43756,2등급,관광호텔업,30,054 530 5000,998.97,303935.5413,324627.375,2등급,,등급미정,,,,,,,,,,2004,
경북,영양군,영양관광호텔,,20131203,,,,,,,,,,,경상북도 영양군 입암면 신구리 101-2,44299,,관광호텔업,0,,2373.24,386104.5627,347117.2883,,,등급없음,,,,,,,,,,2013,
경북,영덕군,동해해상관광호텔,,19950516,20031022,,,,,,,,,,경상북도 영덕군 강구면 삼사길 108-10,44377,,관광호텔업,55,054 7332222,1824,413909.4613,318668.1038,,,등급심사중,,,등급없음,박순우,기간만료(등급평가미신청),,지상2~지상10층,3140.94,식당,1995,
경북,영덕군,동해비치관광호텔,,20050724,20150600,A50,A50,,,,,,,,경상북도 영덕군 남정면 동해대로 4162,44391,3등급,관광호텔업,44,054 7345400,731,413533.7454,317043.3229,3등급,,,,,,,,,,,,2005,
경북,영덕군,동해해상관광호텔,,20031023,,,,,,,,,,,경상북도 영덕군 강구면 삼사길 108-10,44414,,관광호텔업,55,054 7335445,1932.89,413909.4613,318668.1038,,,등급심사중,,,등급없음,박순우,기간만료(등급평가미신청),,지상2~지상10층,3140.94,식당,2003,
경북,울진군,SE&B 백암관광호텔,,19830930,20110512,A30,A30,,A30,A30,,,,,경상북도 울진군 온정면 온천로 84,45030,1등급,관광호텔업,127,054 7873500,0,408835.0601,360261.2355,1등급,,1등급,1등급,,등급없음,정희영,등급없음,,"8(지하1층, 지상7층)",12081.29,휴게실등,1983,
경북,울릉군,울릉마리나관광호텔,,20020111,,A50,A50,,,,,,,,경상북도 울릉군 울릉읍 사동리 97-9,45132,3등급,관광호텔업,30,054 7910020,923,544025.9858,449794.9358,3등급,,,,,,,,,,,,2002,
경남,통영시,통영한산마리나호텔,,20150810,,,,,A30,A30,A30,,,,경상남도 통영시 산양읍 삼칭이해안길 826,45800,,관광호텔업,31,556483332,1107.68,331245,146104,,,3성급,3성급,3성급,기간만료,㈜한어울,-,-,"2층(지하1층 ~지상2층),18개동",1690.35,"일반음식점, 요트계류장",2015,
경남,통영시,통영시티호스텔,,20130221,,,,,,,,,,,경상남도 통영시 항남동 184-3번지,45826,,관광호텔업,17,,498.31,330078.6838,150156.9052,,,,,,,,,,,,,2013,
경남,통영시,비지니스호텔,,20130125,,,,A50,A50,A50,,,,,경상남도 통영시 통영해안로 575,45878,,관광호텔업,30,055 642 8877,1284,331582.0418,151788.8192,,1성급,1성급,1성급,,기간만료,㈜상업,-,-,4층(지하1층~ 지상4층),1284.7,연회장,2013,
경남,김해시,와우(WOW) 관광호텔,,20040220,,A50,,A50,A50,A50,,,,,경상남도 김해시 진영읍 김해대로 780,46237,3등급,관광호텔업,30,055 3440016,1115.36,360839.2688,201073.1496,,1성급,1성급,1성급,,,,,,,,,2004,
경남,거제시,베니키아호텔거제,,20120706,,A30,A30,,A30,,,,,,경상남도 거제시 성산로 78-16,47081,1등급,관광호텔업,70,055 991 1000,2185.84,355114.9741,157370.8847,1등급,,1등급,,,,,,,,,,2012,
경남,양산시,통도자연관광호텔,,20030719,20210129,A30,A30,,,,,,,,경상남도 양산시 하북면 신평강변8길 11,47186,1등급,관광호텔업,41,055 3811010,4169.71,388965.7543,223508.7568,1등급,,,,,,,,,,,,2003,
경남,양산시,브라운도트호텔,,20200915,,,,,,,,,,,경상남도 양산시 삼호로 197-16,47202,,관광호텔업,42,055 785 0027,499.3999939,396927.7997,214936.9141,,,,,,,강광철,,등급 결정 전,9,1799.4,"일반음식점, 회의실 등",2020,
경남,창녕군,부곡하와이관광호텔,,20000410,20170726,A30,A30,A30,A30,,,,,,경상남도 창녕군 부곡면 거문리 195-7,47510,1등급,관광호텔업,182,055 5366331,40445,344551.4427,216592.1375,1등급,3성급,3성급,,,,,,,,,,2000,
경남,창녕군,호텔레인보우,,19831124,,A30,A30,A50,A40,A40,,,,,경상남도 창녕군 부곡면 거문리 221-1,47542,1등급,관광호텔업,63,055 5215777,3608.24,344135.3058,216748.7764,1등급,3등급,2등급,2등급,,,,,,,,,1983,
경기,화성시,스카이호텔,,20101101,,,,,,,,,,,경기도 화성시 역골로 3-20,48509,,관광호텔업,44,031 355 2030,1795.83,184660.9343,410940.0243,,,-,,,등급보류,김진수,등급보류(평가중),2019.11.6,"지하2층~지상5,6,7층",6174.32,식당,2010,
경기,화성시,하와이호텔,,20100519,,,,,,,,,,,화성시 남양읍 역골로 9-13,48573,,관광호텔업,38,,1704.11,184657.4349,410971.3212,,,-,,,,,,,,,,2010,
경남,창원시,사보이관광호텔(주) 이삼,,19901011,,A30,,A50,A50,A50,A50,,,,경상남도 창원시 마산합포구 산호동 8-2번지,49454,1등급,관광호텔업,59,055 247 4455,2715.19,344314.9662,192460.8733,,3등급,3등급,3등급,1성급,1성,홍종대,1,18.05.30,지하2층~지상10층,11856.78,"레스토랑, 커피숍, 연회장, 웨딩홀, 사우나",1990,
경남,창원시,그린준관광호텔,,20000328,,A50,,,A50,A50,A50,,,,경상남도 창원시 진해구 용원동 532-3번지,49746,3등급,관광호텔업,35,055552 9001,995.12,364566.1296,180578.1108,,,1성급,1성급,1성급,,,,,,,,2000,
경남,창원시,드래곤관광호텔,,20141002,,A30,,,,,,,,,경상남도 창원시 의창구 팔용동 34-1번지,49897,1등급,관광호텔업,60,,2340.32,349240.0227,194378.767,,,,,,,,,,,,,2014,
경남,창원시,아몬드관광호텔,2성,20000420,,,,,,,A50,,,,창원시 마산합포구 월영동11길 19,50115,,관광호텔업,50,055 2411230,2803.52,342490.6689,187953.4011,,,,,1성급,1성,최정원,1,18.04.10,지하2층~지상7층,2803.52,조식식당,2000,
경남,창원시,주식회사 캔버라관광,,19930104,20190321,A30,,,,,,,,,경상남도 창원시 성산구 중앙동 97-6번지 캔버라타운 8층,50643,1등급,관광호텔업,89,055 2685000,5045,352595.8407,192615.576,,,,,,,,,,,,,1993,
충북,청주시,(주)리호관광호텔,,19900714,20170201,A30,A30,A50,A50,,,,,,충청북도 청주시 흥덕구 비하동 35-7번지,51439,1등급,관광호텔업,26,043233 8800,1464.24,238091.0462,347483.1983,1등급,3등급,3등급,,,,,,,,,,1990,
충북,청주시,(주)청주로얄관광호텔((구)명암파크관광호텔),,19910508,20150805,A30,A30,,,,,,,,충청북도 청주시 상당구 서문동 227-22번지,51768,1등급,관광호텔업,47,043 2211300,1620.44,243286.7002,348275.7619,1등급,,,,,,,,,,,,1991,
제주,제주시,호텔 밀라노크라운,,19891128,20170504,A30,A30,A30,,,,,,,제주특별자치도 제주시 노연로 103,51835,1등급,관광호텔업,72,064 7467800,4028,152668.4627,-1011.431343,1등급,1등급,,,,,,,,,,,1989,
제주,제주시,아이웰호텔(IWELL),,19890331,20200131,,,,,,,,,,제주시 연동 253-41,51850,,관광호텔업,47,064 7441601,2269.57,152314.3853,-1066.45759,,,,,,,,,,,,,1989,
제주,제주시,귀빈파크관광호텔,,19890417,20141208,,,,,,,,,,제주특별자치도 제주시 원노형9길 34,51853,,관광호텔업,56,064 7435530,2453.95,152145.5792,-992.0187764,,,,,,,,,,,,,1989,
제주,제주시,뉴크라운관광호텔,,19880104,20170807,A20,A20,A20,A20,,,,,,제주특별자치도 제주시 신광로 87,51889,특2등급,관광호텔업,129,064 7421001,10127.83,152551.3922,-1220.123178,특2등급,특2등급,특2급,,,,,,,,,,1988,
제주,제주시,아로마관광호텔,,19880208,20150515,A30,A30,,,,,,,,제주특별자치도 제주시 신대로18길 45,51906,1등급,관광호텔업,86,064 7438000,2179,152644.6163,-1208.674859,1등급,,,,,,,,,,,,1988,
제주,제주시,(주)은종 그레이스관광호텔,,19881112,20170609,,A50,A50,A50,,,,,,제주특별자치도 제주시 삼무로 18,52025,,관광호텔업,61,064 7420066,4458.58,152404.1434,-637.9589817,3등급,3등급,3급,,,,,,,,,,1988,
제주,제주시,제주아일랜드호텔리조트,,19880812,20160215,,,,,,,,,,제주특별자치도 제주시 애월읍 평화로 2477,52037,,관광호텔업,101,064 7993111,8684.23,145638.6679,-6986.347107,,,휴업,,,미등급,㈜제주아일랜드 호텔리조트,미등급,,지하2~지상7,3287,,1988,
제주,제주시,이바사호텔,,20140319,,,A30,A30,A30,A30,,,,,제주특별자치도 제주시 노연로 24,52191,,관광호텔업,130,064 747 0771,4444.65,151838.4194,-1048.583165,1등급,1등급,1급,1급,,미등급,㈜예승,미등급,,지상14~지하1,5963.13,,2014,
제주,제주시,Best One 관광호텔,,20170111,,,,,,,,,,,제주시 조천읍 신북로 443,52194,,관광호텔업,90,064 783 8899,3753.61,168078.1061,5350.074061,,,,,,미등급,㈜늘푸름개발,미등급,,지하1~지상4,4085.65,"휴게음식점, 일반음식점, 비즈니스센터",2017,
제주,제주시,제니아관광호텔,,20150324,,,,A30,A30,A30,,,,,제주특별자치도 제주시 은남1길 25,52216,,관광호텔업,67,064 7979000,4058.29,152815.9918,-696.2268443,,1등급,1급,1급,,미등급,"김길철, 오정향",미등급,,지상9~지하2,4058.29,,2015,
제주,제주시,에뜨왈관광호텔,,20030208,,,,,,,,,,,제주특별자치도 제주시 애월읍 중엄3길 50,52282,,관광호텔업,30,064 7122266,1728.39,141519.7624,-1882.070292,,,무등급,,,미등급,이정윤,미등급,,지상4~지하1,1748.55,,2003,
제주,제주시,다이아나호텔,,20141210,,,A40,A40,A40,A40,,,,,제주특별자치도 제주시 임항로 249,52382,,관광호텔업,92,064 750 8988,2951.62,157148.0397,2469.729465,2등급,2등급,2급,2급,,미등급,㈜미륭,미등급,,지상9~지하1,3062.11,,2014,
제주,제주시,오라관광호텔,,20140630,,,A40,A40,A40,A40,,,,,제주특별자치도 제주시 연북로 217,52386,,관광호텔업,61,064713 6260,1925.86,153911.7008,-1495.577905,2등급,2등급,2급,2급,,미등급,오라관광호텔㈜,미등급,,지상4~지하1,2385.58,,2014,
제주,제주시,뉴아일랜드 관광호텔,,19920720,,,A30,A30,A30,A30,,,,,제주특별자치도 제주시 연동6길 17,52432,,관광호텔업,100,064 7121300,6625.26,152469.1634,-1223.964553,1등급,1등급,1급,1급,,미등급,강숙자,미등급,,지상7~지하2,6625.06,,1992,
제주,제주시,호텔루트,,20130819,,,,,,,,,,,제주특별자치도 제주시 고마로15길33,52434,,관광호텔업,77,064 7558813,2454.28,157458.9726,1480.797197,,,무등급,,,미등급,(주)에스에듀,미등급,,지상5~지하1,3024.7,,2013,
제주,제주시,골든파크관광호텔,,19870428,,,A50,A50,A50,A50,,,,,제주특별자치도 제주시 서광로2길 9,52443,,관광호텔업,38,064 7525820,1155.76,154669.0341,419.5002843,3등급,3등급,3급,3급,,미등급,전영순,미등급,,지상5~지하1,1313.61,,1987,
제주,제주시,금륭관광호텔,,20011023,,,,,,,,,,,제주특별자치도 제주시 삼무로 79,52472,,관광호텔업,70,064 7121600,360.72,153010.415,-597.9652483,,,무등급,,,미등급,㈜덕은,미등급,,지상10~지하1,5275.12,,2001,
제주,제주시,스카이힐비즈니스 관광호텔,,20160608,,,,,,,,,,,제주시 서광로24길 1,52487,,관광호텔업,78,064 751 5177,2713.8,155626.2539,440.1323743,,,,,,미등급,㈜올레관광개발,미등급,,지하1~지상14,2713.83,,2016,
제주,제주시,뉴베니키아호텔제주,,20141224,,,,A50,A50,A50,,,,,제주특별자치도 제주시 애월읍 애월해안로 554-10,52489,,관광호텔업,88,064 7999981,3692.19,140700.6241,-1934.716371,,3등급,3급,3급,,미등급,고용관,미등급,,지상4~지하2,3692.19,"일반음식점, 회의실, 매점",2014,
제주,제주시,㈜지앤엘 더호텔 제주,,19820326,,A10,A10,A10,A10,A10,A10,,,,제주특별자치도 제주시 삼무로 67,52635,특1등급,관광호텔업,202,064 7418000,13696.07,152899.0596,-582.2226852,특1등급,특1등급,특1급,특1급,특1등급,미등급,㈜지앤엘,미등급,,지하2~지상9,24127.93,"한식,중식,뷔페(양식,경양식),휘트니스클럽(요가룸포함), 남녀사우나, Bar, 세미나실, 실내 골프연습장, 노래연습장, 피부관리실, 연회장, 비지니스센터",1982,
제주,제주시,슬림관광호텔,,20160422,,,,,,,,,,,제주시 이도이동 1776-31,52711,,관광호텔업,42,,1344.94,156039.9326,518.861879,,,,,,미등급,황다영,미등급,,지하1~지상10,1344.94,,2016,
제주,제주시,제주인관광호텔,,20151012,,,,,A30,A30,A30,,,,제주특별자치도 제주시 신산마을길 20,52718,,관광호텔업,79,064 7541110,4637.45,148421.1915,-360.3100521,,,3성,3성,3성급,미등급,㈜제주인,미등급,,지상4~지하1,4637.49,,2015,
제주,제주시,해호텔,,20140116,,,A50,A50,A50,A50,,,,,제주특별자치도 제주시 서해안로 526,52737,,관광호텔업,32,064742 5356,1104.75,153027.7379,2704.450157,3등급,3등급,3급,3급,,미등급,전순자,미등급,,지상4~지하1,1230.74,,2014,
제주,제주시,하이트관광호텔,,20040601,,,,,,,,,,,제주특별자치도 제주시 동광로 45,52745,,관광호텔업,40,064 7251552,1765,156581.7629,832.3397068,,,무등급,,,미등급,㈜제이,미등급,,지상7~지하1,2047.6,,2004,
제주,제주시,HOTEL LEO,,20140905,,,A20,A20,A20,A20,,,,,제주특별자치도 제주시 삼무로 14,52805,,관광호텔업,86,064 7488660,4539.61,152365.545,-622.34,특2등급,특2등급,특2급,특2급,,미등급,㈜의인,미등급,,지상13~지하1,5191.26,,2014,
제주,제주시,호텔오슬로,,20131231,,,A40,A40,A40,A40,,,,,제주특별자치도 제주시 서해안로 442-9,52811,,관광호텔업,31,064 7122377,1506.54,152352.977,2438.445038,2등급,2등급,2급,2급,,미등급,(주)오슬로,미등급,,지상4~지하1,2490.51,,2013,
제주,제주시,펄관광호텔,,19880802,,A30,A30,A30,A30,A30,,,,,제주특별자치도 제주시 신대로20길 49,52842,1등급,관광호텔업,88,064 7428871,6181.95,152621.3174,-1311.867102,1등급,1등급,1급,1급,,미등급,"강성이, 김석환",미등급,,지상5~지하2,6245.39,,1988,
제주,제주시,제주해마관광호텔,,20150508,,,,A30,A30,A30,,,,,제주특별자치도 제주시 삼무로 28,52851,,관광호텔업,89,064786 6000,3086.77,152486.7595,-626.7774283,,1등급,1급,1급,,미등급,뤼이에플로라호텔해마(주),미등급,,지상15~지하1,3607.66,,2015,
제주,제주시,관광호텔 더레드,,20141020,,A40,A40,A40,,,,,,,제주특별자치도 제주시 동광로6길 10,52854,2등급,관광호텔업,59,064  7257252,2705.87,156426.297,609.2754867,2등급,2등급,,,,미등급,임성만,미등급,,지상8~지하1,2705.87,,2014,
제주,제주시,에스호텔,,20150710,,,,A20,A20,A20,,,,,제주특별자치도 제주시 오일장중길 26,52899,,관광호텔업,88,064749 9928,4545.26,150806.6927,13.79107724,,특2등급,특2급,특2급,,미등급,에스호텔㈜,미등급,,지상4~지하1,4545.26,"레스토랑,커피숍,대연회장,소회의실,수영장",2015,
제주,제주시,호텔 컬리넌,,20140428,,,A40,A40,A40,A40,,,,,제주특별자치도 제주시 사장1길 26,52904,,관광호텔업,59,064 743 6500,2095.06,152789.3731,-1105.768634,2등급,2등급,2급,2급,,미등급,㈜대한에프에스,미등급,,지상10~지하1,2305.94,,2014,
제주,서귀포시,호텔 아루미,,20190327,,,,,,,,,,,서귀포시 색달중앙로 38,52983,,관광호텔업,78,,3440.69,145317.3727,-26223.01598,,,,,,3,(유)다올,3,2019.07.24.,지하1층~지상4층,3440.69,"조식당, 사무실, 회의실&세미나실, 소매점, 일반음식점",2019,
제주,서귀포시,호텔빠레브 주식회사,,20131224,,,A10,A10,A10,,,,,,제주특별자치도 서귀포시 김정문화로 15,53023,,관광호텔업,204,064 735 8899,12783.89,153950.4707,-26946.51205,특1등급,특1등급,특1급,,,4,호텔빠레브 주식회사,4,2019.05.26.,"지하2층, 지상9층",14258.39,,2013,
제주,서귀포시,파인힐호텔,,20020321,,A30,A30,,A40,A40,A40,,,,제주특별자치도 서귀포시 부두로 44,53036,1등급,관광호텔업,55,064 762 5988,1859.46,159326.3773,-28205.26984,1등급,,2성,2성,2성급,2,허순화,2,2016.10.09.,"지하1층, 지상3층",1950.51,커피숍,2002,
제주,서귀포시,호텔 익스프레스 관광호텔,,20140211,,,,,,,,,,,제주특별자치도 서귀포시 중문관광로 23-1,53075,,관광호텔업,51,064 738 8981,2976.01,145446.3627,-26536.23135,,,무등급,,,등급없음,㈜호텔익스프레스,등급없음,,"지하1층, 지상4층",3078.15,,2014,
제주,서귀포시,호텔신라 제주 신라,,19900630,,A10,A10,A10,A10,A10,A10,,,,제주특별자치도 서귀포시 중문관광로72번길 75,53104,특1등급,관광호텔업,429,064 7384466,42664,144749.0699,-27489.03466,특1등급,특1등급,특1급,5성,5성급,5,㈜호텔신라,5,2017.06.30,"지하2층, 지상5층",56489.71,"수영장, 음식점, 체온관리실, 무대  등",1990,
제주,서귀포시,제주신화월드 호텔 앤 리조트,,20171031,,,,,,A10,A10,,,,서귀포시 안덕면 신화역사로304번길 38,53135,,관광호텔업,1326,064 908 3324,218353.98,136356.9423,-20780.80749,,,,5성,5성급,등급없음,람정제주개발㈜,등급없음,,"지하2~지상5층 1동, 지상1층 2동",188936.71,음식점 등 총63개소,2017,
제주,서귀포시,㈜호텔롯데 롯데호텔 제주,,20000324,.,A10,A10,A10,A10,A10,A10,,,,제주특별자치도 서귀포시 중문관광로72번길 35,53168,특1등급,관광호텔업,500,064 731 1000,37742.63,144978.7852,-27367.54186,특1등급,특1등급,5성,5성,5성급,5,㈜호텔롯데,5,2016.05.09.,"지하7층,지상7층",86400.93,"수영장, 음식점, 회의실, 키즈카페 등",2000,
제주,서귀포시,썬비치호텔,,20021224,,,A40,A40,A40,A40,,,,,제주특별자치도 서귀포시 태평로 363,53198,,관광호텔업,134,064 732 5678,6137,158946.805,-27662.45396,2등급,2등급,2급,2급,,등급없음,㈜와이시너지,등급없음,,"지하3층,지상6층",12136,,2002,
제주,서귀포시,더코브호텔,,19860930,,,A30,A30,A40,A40,,,,,제주특별자치도 서귀포시 예래해안로 15,53246,,관광호텔업,41,064 7332121,5222.37,158742.7991,-27597.11583,1등급,1등급,2급,2급,,등급없음,주식회사 호텔일구칠사,등급없음,,"지하3층,지상9층",7220.2,,1986,
제주,서귀포시,오션블루호텔,,20160328,,,,,,,,,,,서귀포시 이어도로 67,53254,,관광호텔업,30,064 722 9991,1530.99,146835.0977,-28417.89337,,,신규기한초과,,,등급없음,탁규민,등급없음,,지하2~지상4층,1530.99,,2016,
제주,서귀포시,플레이스,,20170307,,,,,,A20,A20,,,,서귀포시 성산읍 동류암로 20,53256,,관광호텔업,235,064 766 3041,6678.1,192370.3553,-5142.337805,,,,4성,4성급,4,플레이스포㈜,4,2017.11.30.,"지하2층, 지상4층",7260.76,"휴게음식점, 제과점, 일반음식점, 도소매점, 연회장",2017,
제주,서귀포시,㈜교원 스위트호텔 제주,,20021104,.,A10,A10,A10,A10,,A10,,,,제주특별자치도 서귀포시 중문관광로72번길 67,53265,특1등급,관광호텔업,90,064 738 3800,6853.65,144774.6032,-27248.60595,특1등급,특1등급,특1급,,5성급,5,㈜교원,5,2018.07..01.,"지하1층,지상3층",8197.43,"어린이휴게시설, 소연회장, 휘트니스센터, 휴게실",2002,
제주,서귀포시,호텔 크리스탈,,20020628,.,A40,A40,A40,A40,A40,,,,,제주특별자치도 서귀포시 중정로 16,53302,2등급,관광호텔업,72,064 7328311,3363.51,158745.7973,-27539.20474,2등급,2등급,2급,2급,,등급없음,㈜호텔크리스탈,등급없음,,"지하2층,지상6층",3647.35,,2002,
제주,서귀포시,파크선샤인제주관광호텔,,20150713,,,,A20,A20,A20,,,,,제주특별자치도 서귀포시 남성중로 135,53310,,관광호텔업,105,064 766 1050,5718.29,158316.7651,-27953.82209,,특2등급,특2급,특2급,,3,㈜선샤인,3,2019.07.24.,지하1~지상4층,5718.29,,2015,
제주,서귀포시,부영CC관광호텔,,20090721,,,A50,A50,A50,,A50,,,,제주특별자치도 서귀포시 남원읍 남조로 960,53363,,관광호텔업,74,064 766 5700,5811.72,173112.9434,-15205.77642,3등급,3등급,3급,,1성급,1,㈜부영CC,1,2018.09.30.,"지하1층, 지상3층",5811.72,,2009,
제주,서귀포시,호텔 캘리포니아,,20140429,,,A40,A40,A40,,,,,,제주특별자치도 서귀포시 김정문화로 27번길 14-4,53378,,관광호텔업,64,064 738 9902,2684.17,154110.8499,-26902.26942,2등급,2등급,2급,,,등급없음,㈜캘리포니아,등급없음,,"지하1층, 지상9층",2684.17,,2014,
제주,서귀포시,블루마운틴관광호텔,,20150910,,,,A30,A30,A30,,,,,제주특별자치도 서귀포시 성산읍 일출로 297,53380,,관광호텔업,38,064 731 8888,1684.98,193819.6699,-3619.060184,,1등급,1급,1급,,3,㈜청산,3,2019.05.23.,지하1~지상5층,1684.98,,2015,
제주,서귀포시,일출봉관광호텔,,19940430,20171205,,,A50,A50,,,,,,제주특별자치도 서귀포시 성산읍 한도로 244,53500,,관광호텔업,57,064 7828801,1363.3,193740.5271,-3353.075734,,3등급,3급,,,,,,,,,,1994,
제주,서귀포시,켄싱턴 제주호텔,,20140408,20190624,,A10,A10,A10,,A10,,,,제주특별자치도 서귀포시 중문관공로 72번길 60,53536,,관광호텔업,198,064 735 8900,31750.48,144751.8875,-26916.30622,특1등급,특1등급,특1급,,5성급,5,㈜신세계조선호텔,등급없음,,지하1층~지상5층,12741.05,,2014,
제주,서귀포시,서귀포파크,,19711008,20160721,,,,,,,,,,제주특별자치도 서귀포시 천지연로41번길 41,53549,,관광호텔업,66,064 7622161,5568.6,159278.6599,-28323.21701,,,,,,,,,,,,,1971,
제주,서귀포시,하얏트리젠시 제주,,19850204,20200506,A10,A10,A10,A10,A10,A10,,,,제주특별자치도 서귀포시 중문관광로72번길 114,53609,특1등급,관광호텔업,224,064 7358592,9132,144526.9801,-27679.22103,특1등급,특1등급,특1급,5성,5성급,5,㈜아주호텔제주,5,2017.06.30.,"지하4층,지상8층",28015.34,"수영장, 음식점 , 회의실 등",1985,
제주,서귀포시,호텔하나,,19930716,.,A20,A20,A20,A20,,,,,,제주특별자치도 서귀포시 중문관광로 72번길 53,53646,특2등급,관광호텔업,85,064 7387001,2957.55,144771.3181,-27189.34961,특2등급,특2등급,특2급,,,3,㈜호텔하나,3,2019.07.24.,"지하1층,지상3층",5690.34,,1993,