NO,등급 인정처,호텔업 구분,결정 등급,등급 결정일,지역,호텔명,객실수,주소,Latitude,Longitude,전화번호,홈페이지
24,한국관광협회중앙회,소형호텔업,2성,2021-12-13,강원도,하슬라 아트 월드 뮤지엄 호텔,23,강원도 강릉시 강동면 율곡로 1441 ,37.7056021,129.0080007,033-644-9411,https://museumhaslla.com/
83,한국관광협회중앙회,관광호텔업,4성,2021-07-14,강원도,쏠비치 호텔 삼척,217,강원도 삼척시 수로부인길 453 (갈천동),37.4718983,129.1592477,033-803-7955,https://www.sonohotelsresorts.com
89,한국관광협회중앙회,관광호텔업,3성,2021-07-07,강원도,뉴동해관광호텔,63,강원도 동해시 평릉길 1  (천곡동),37.5294637,129.1022016,033-533-9215,http://hotelnd.com
90,한국관광협회중앙회,관광호텔업,4성,2021-07-07,강원도,롯데 리조트 속초,392,강원도 속초시 대포항길 186 (대포동),38.1760108,128.6072118,033-634-1101,http://www.lotteresort.com/
101,한국관광협회중앙회,관광호텔업,3성,2021-06-17,강원도,동해현진관광호텔,82,강원도 동해시 동굴로 125-3 . (천곡동),37.5188593,129.1177179,033-539-2000,
112,한국관광협회중앙회,관광호텔업,4성,2021-06-08,강원도,쏠비치 양양,214,강원도 양양군 손양면 선사유적로 678  ,38.0879183,128.6657476,033-670-3622,https://www.sonohotelsresorts.com/sb/yy/
137,한국관광협회중앙회,관광호텔업,4성,2021-04-30,강원도,하이원 팰리스호텔 (구. 하이원호텔),197,강원도 정선군 고한읍 고한7길 399  ,37.1737167,128.8428065,033-590-7111,http://www.high1.com
189,한국관광공사,관광호텔업,3성,2020-10-15,강원도,시티호텔,49,강원도 원주시 건강로 4 (반곡동),37.3267206,127.9861676,033-747-1000,http://www.wonjucitihotel.com/kor/index.do
235,한국관광공사,관광호텔업,3성,2020-04-21,강원도,베니키아 호텔 비즈인,65,강원도 원주시 만대로 7-1,37.3411311,127.923792,033-748-0100,http://www.biz-inn.co.kr/
242,한국관광공사,관광호텔업,5성,2020-03-30,강원도,인터컨티넨탈 알펜시아 평창 리조트,238,강원도 평창군 대관령면 솔봉로 325,37.6616099,128.6763358,033-339-1225,https://www.alpensia.com/accomm/ic/convenience.do
243,한국관광공사,관광호텔업,5성,2020-03-30,강원도,홀리데이 인 리조트 알펜시아 평창,214,강원도 평창군 대관령면 솔봉로 325,37.6616099,128.6763358,033-339-0000,http://alpensia.com
246,한국관광공사,관광호텔업,3성,2020-03-24,강원도,오키드 호텔,85,강원도 원주시 봉화로 26 (단계동),37.346687,127.9289682,033-743-6700,http://www.orchidhotel.co.kr/
254,한국관광공사,관광호텔업,3성,2020-03-17,강원도,춘천세종관광호텔,63,강원도 춘천시 봉의산길 31,37.8863488,127.7312439,033-252-1191 ,http://www.chunchonsejong.co.kr
263,한국관광공사,관광호텔업,2성,2020-02-21,강원도,호텔 KCP,48,강원도 양구군 양구읍 파로호로 993-19,38.1138886,127.9806966,033-482-7700,
300,한국관광공사,관광호텔업,5성,2019-12-20,강원도,하이원 그랜드 호텔,727,강원도 정선군 사북읍 하이원길 265,37.2121937,128.8207554,033-590-6354,http://www.high1.com
311,한국관광공사,관광호텔업,3성,2019-12-12,강원도,한탄 리버 스파 호텔,68,강원도 철원군 동송읍 태봉로 1799-22,38.1861658,127.2898454,033-455-1234,http://www.hantanhotel.co.kr/
332,한국관광공사,관광호텔업,4성,2019-11-19,강원도,인제 스피디움 호텔 & 리조트,134,강원도 인제군 기린면 상하답로 130,38.0090727,128.3155273,033-480-9900,http://hc.speedium.co.kr/
367,한국관광공사,관광호텔업,4성,2019-09-20,강원도,호텔 탑스텐,333,강원도 강릉시 옥계면 헌화로 455-34  ,37.6532823,129.0514825,033-530-4800,http://hotel-topsten.co.kr
379,한국관광공사,관광호텔업,2성,2019-08-21,강원도,동해 글로리아 관광호텔 ,59,강원도 동해시 한섬로 112-4  (천곡동),37.5200942,129.1163291,033-532-5454,http://neweasternhotel@instagram
409,한국관광공사,관광호텔업,3성,2019-07-12,강원도,베니키아 프리미어 동해보양온천 컨벤션호텔,181,강원도 동해시 동해대로 6285  (망상동),37.5919095,129.0779634,033-530-0706,http://www.mangsanggrand.co.kr/
423,한국관광공사,관광호텔업,4성,2019-07-04,강원도,호텔 마레몬스,148,강원도 속초시 동해대로 3705  (대포동),38.1669427,128.6063413,033-630-7000,https://www.hotelmaremons.com
424,한국관광공사,관광호텔업,1성,2019-07-04,강원도,서림관광호텔,35,강원도 평창군 진부면 청송로 109  ,37.6366719,128.5587081,033-333-6657,
433,한국관광공사,관광호텔업,4성,2019-06-18,강원도,켄싱턴 호텔 설악,108,강원도 속초시 설악산로 998  (설악동),38.1727544,128.4992524,033-635-4001 ,http://www.kensington.co.kr/main.aspx
444,한국관광공사,관광호텔업,4성,2019-06-10,강원도,더파크호텔,79,강원도 홍천군 서면 한치골길 262  ,37.6466335,127.6813286,033-439-7981,http://www.daemyungresort.com/vp/
455,한국관광공사,관광호텔업,3성,2019-05-30,강원도,더 클래스 300 콘도,306,강원도 속초시 동해대로 3915  (조양동),38.1845116,128.6005798,033-630-9000,http://www.theclass300.com
462,한국관광공사,관광호텔업,2성,2019-05-23,강원도,베니키아 호텔 산과바다 대포항,63,강원도 속초시 동해대로 3691  (대포동),38.165663,128.6079706,033-635-6644,http://sannbada.kr/
479,한국관광공사,관광호텔업,3성,2019-04-29,강원도,베니키아 호텔 문막,66,강원도 원주시 문막읍 왕건로 9  ,37.3206545,127.8309345,033-734-7315,http://www.munmakhotel.co.kr
526,한국관광공사,관광호텔업,4성,2019-03-07,강원도,휘닉스 호텔 (구. 휘닉스 평창 호텔),130,강원도 평창군 봉평면 태기로 174  ,37.5781735,128.3304598,033-330-6534,https://phoenixhnr.co.kr/static/pyeongchang/room/detail-hotel1
534,한국관광공사,관광호텔업,2성,2019-03-06,강원도,호텔 이스트나인,54,강원도 강릉시 교동광장로100번길 8-6  (교동),37.7656929,128.8766612,033-642-3200,http://hoteleast9.com
568,한국관광공사,관광호텔업,5성,2018-12-03,강원도,씨마크 호텔,150,강원도 강릉시 해안로406번길 2  (강문동),37.7979577,128.9153587,033-650-7000,http://www.seamarqhotel.com
641,한국관광공사,관광호텔업,4성,2017-11-17,강원도,용평리조트 드래곤 밸리 호텔,195,강원도 평창군 대관령면 올림픽로 715  ,37.6450087,128.6829718,033-335-5757,http://www.yongpyong.co.kr/kor/index.do
649,한국관광공사,관광호텔업,3성,2017-08-07,강원도,호텔 인터불고 원주,152,강원도 원주시 동부순환로 200,37.332851,127.9744095,033-769-8114,http://wonju.inter-burgo.com
19,한국관광협회중앙회,관광호텔업,2성,2021-12-16,경기도,뉴스카이호텔,36,경기도 용인시 처인구 백암면 고안로 48 ,37.1280846,127.401283,031-339-0064,https://newskyhotel.modoo.at/
30,한국관광협회중앙회,관광호텔업,4성,2021-12-04,경기도,블룸비스타호텔앤컨퍼런스주식회사 ,292,경기도 양평군 강하면 강남로 316  ,37.5001886,127.4202756,031-770-8888,http://www.bloomvista.co.kr
33,한국관광협회중앙회,관광호텔업,3성,2021-11-26,경기도,호텔 에스알 스위츠,66,경기도 성남시 분당구 황새울로319번길 9 (서현동),37.385526,127.1201802,031-702-6565,http://www.srsuites.com
47,한국관광협회중앙회,관광호텔업,3성,2021-11-12,경기도,호텔더메이,125,경기도 남양주시 별내2로 70  (별내동),37.6616184,127.1311346,031-551-8700,http://www.hotelthemay.com
53,한국관광협회중앙회,관광호텔업,4성,2021-10-28,경기도,라마다 프라자 수원 호텔,287,경기도 수원시 팔달구 중부대로 150 라마다프라자 수원 호텔 (인계동),37.277803,127.032375,031-230-0001,http://www.ramadaplazasuwon.com
58,한국관광협회중앙회,관광호텔업,3성,2021-10-22,경기도,어반 부티크 호텔,80,경기도 안양시 동안구 흥안대로 497  (관양동),37.398413,126.976412,031-421-0000,http://www.urbanhotel.co.kr
68,한국관광협회중앙회,관광호텔업,2성,2021-09-03,경기도,웨스트나인호텔,65,경기도 김포시 김포한강9로75번길 64  (구래동),37.6342473,126.7370613,031-982-5821,
72,한국관광협회중앙회,관광호텔업,4성,2021-08-24,경기도,그래비티 서울 판교 오토그래프 컬렉션,306,경기도 성남시 분당구 판교역로146번길 2 (백현동),37.3917536,127.1120101,031-539-4880,http://www.gravityhotel.com
75,한국관광협회중앙회,관광호텔업,1성,2021-08-12,경기도,호텔 제니스,59,경기도 부천시 길주로77번길 19-22 제니스호텔 (상동),37.5068875,126.7499328,032-329-3333,
77,한국관광협회중앙회,관광호텔업,2성,2021-07-28,경기도,호텔 심포니,64,경기도 수원시 영통구 반달로128번길 13 (영통동),37.2545741,127.0754295,031-206-2106,http://www.amourhotel.com
78,한국관광협회중앙회,관광호텔업,2성,2021-07-28,경기도,호텔 아모르,64,경기도 수원시 영통구 반달로128번길 9 (영통동),37.2544315,127.0752926,031-206-0942,http://www.amourhotel.com
98,한국관광협회중앙회,관광호텔업,1성,2021-07-07,경기도,호텔씨엘,54,경기도 하남시 대청로22번길 9-9 신장동 524-11 (신장동),37.5402938,127.2155226,031-341-1000,
117,한국관광협회중앙회,관광호텔업,1성,2021-06-08,경기도,호텔야자 관광호텔,35,"경기도 성남시 수정구 위례광장로 9-10 9층,10층 (창곡동)",37.4722684,127.1426695,031-759-0508,
141,한국관광협회중앙회,관광호텔업,2성,2021-04-23,경기도,골든힐 호텔,80,경기도 파주시 탄현면 성동로 36-30  ,37.7767707,126.6878523,031-942-0222,http://www.goldenhillhotel.co.kr
150,한국관광공사,소형호텔업,3성,2020-12-05,경기도,호텔 마에스트로,25,경기도 안성시 양성면 안성맞춤대로 2134-36 ,37.1064061,127.2639556,031-8046-1111,http://www.maestrocc.co.kr
151,한국관광공사,관광호텔업,3성,2020-12-04,경기도,베니키아 레스트 호텔,70,경기도 김포시 태장로795번길 151  (장기동),37.640062,126.6852255,031-988-3534,
153,한국관광공사,관광호텔업,1성,2020-12-02,경기도,소설스미스호텔,34,경기도 용인시 기흥구 민속촌로 57  (보라동),37.2559241,127.1108687,031-693-8412,
158,한국관광공사,관광호텔업,4성,2020-11-27,경기도,코트야드 메리어트 수원,288,경기도 수원시 영통구 광교호수공원로 320  (하동),37.283123,127.0659168,031-267-5600,http://www.marriott.com/selcw
169,한국관광공사,관광호텔업,3성,2020-11-19,경기도,카인드 호텔,92,경기도 성남시 분당구 황새울로329번길 10  (서현동),37.3857959,127.121271,031-781-0006,http://www.kyndhotel.co.kr
171,한국관광공사,관광호텔업,2성,2020-11-19,경기도,호텔 더 윈,80,경기도 고양시 덕양구 원흥3로 6-14  (원흥동),37.6474543,126.8751691,031-966-0033,
177,한국관광공사,관광호텔업,1성,2020-11-16,경기도,호텔갤러리,45,경기도 포천시 소흘읍 죽엽산로 432-17  ,37.7964801,127.1652066,031-544-8008,http://www.hgallery.kr
181,한국관광공사,관광호텔업,2성,2020-11-03,경기도,골드호텔,48,경기도 남양주시 별내면 청학로92번길 133,37.7093487,127.1108472,031-841-2121,http://gold-hotel.co.kr
188,한국관광공사,관광호텔업,2성,2020-10-15,경기도,베니키아 JD 관광호텔,71,경기도 남양주시 진접읍 해밀예당1로 50-44 ,37.7122888,127.1875257,031-571-2266,http://www.jdhotel.co.kr
195,한국관광공사,관광호텔업,3성,2020-09-03,경기도,호텔 푸르미르,239,경기도 화성시 효행로 480  (안녕동),37.2091227,126.9851414,031-8020-0000,http://www.hotelprumir.com/
203,한국관광공사,관광호텔업,3성,2020-08-05,경기도,신라스테이 동탄,286,경기도 화성시 노작로 161,37.2051889,127.0761455,031-8036-9000,http://www.shillastay.com/dongtan/
214,한국관광공사,관광호텔업,2성,2020-07-02,경기도,서울 투어리스트 호텔,59,경기도 시흥시 군자천로 315  (정왕동),37.3330587,126.7156961,031-431-1300,http://hotel-st.com
222,한국관광공사,관광호텔업,1성,2020-06-02,경기도,호텔 디,59,경기도 오산시 원동로 5  (원동),37.1425536,127.0691484,031-372-7444,
229,한국관광공사,관광호텔업,5성,2020-05-15,경기도,소노캄 고양 (구. 엠블호텔 고양),826,경기도 고양시 일산동구 태극로 20,37.6569117,126.7699302,031-927-7700,http://www.mvlhotel.com/goyang
230,한국관광공사,관광호텔업,2성,2020-05-13,경기도,호텔 파인,35,경기도 용인시 기흥구 삼성2로96번길 29-49  (농서동),37.219402,127.0842747,031-8015-0404,
239,한국관광공사,소형호텔업,2성,2020-04-13,경기도,호텔가덴 비즈,20,경기도 수원시 권선구 경수대로335번길 10  (권선동),37.2572996,127.0214749,031-239-5572,http://www.hotelgaden.com/home/
244,한국관광공사,소형호텔업,2성,2020-03-28,경기도,호텔 가덴,29,경기도 수원시 경수대로335번길 12,37.2571331,127.0213888,031-239-5572,http://www.hotelgaden.com/home/
249,한국관광공사,관광호텔업,3성,2020-03-21,경기도,호텔 얼레이,100,경기도 용인시 기흥구 신정로 231,37.2897191,127.1014604,031-693-9181,http://www.alleehotel.com
255,한국관광공사,관광호텔업,2성,2020-03-11,경기도,웨스트 레이븐 호텔,21,경기도 시흥시 옥터로 3,37.3475129,126.6928906,031-499-7733,http://www.westravenoidohotel.com
257,한국관광공사,관광호텔업,2성,2020-03-02,경기도,메이트호텔 파주,47,경기도 파주시 탄현면 엘씨디로241번길 39-35,37.8088648,126.758792,031-945-1029,http://www.matehotel-paju.co.kr
267,한국관광공사,관광호텔업,4성,2020-02-11,경기도,썬밸리 호텔,202,경기도 여주시 강변유원지길 45,37.2932129,127.6608827,031-880-3889,http://www.sunvalleyhotel.co.kr
268,한국관광공사,관광호텔업,2성,2020-02-09,경기도,호텔 클로버,88,"경기도 안산시 상록구 양지편로 22
",37.3092445,126.8504011,031-417-9300,https://hotelclover.modoo.at/
271,한국관광공사,관광호텔업,1성,2019-12-30,경기도,가보 호텔,121,경기도 평택시 평택5로76번길 18-10  (비전동),36.9930526,127.1128844,031-658-7700,http://www.hotelkabo.kr
273,한국관광공사,관광호텔업,2성,2019-12-30,경기도,호텔 더 클래스,72,경기도 이천시 중리천로 126-19,37.2757708,127.4478098,031-637-3325,
277,한국관광공사,관광호텔업,1성,2019-12-27,경기도,월드 관광 호텔,80,경기도 화성시 향남읍 발안공단로5길 7-23  ,37.0860989,126.9085827,031-353-7833,http://worldtouristhotel.com
280,한국관광공사,관광호텔업,3성,2019-12-26,경기도,베니키아 더 에이치 호텔,90,경기도 화성시 남양읍 역골로 3-12,37.2000612,126.8278654,031-350-6200,
282,한국관광공사,관광호텔업,2성,2019-12-26,경기도,S 호텔,55,경기도 부천시 원미로17번길 28  (심곡동),37.4846734,126.7874035,032-657-8777,http://www.bchotel.co.kr
292,한국관광공사,소형호텔업,2성,2019-12-23,경기도,호텔더베이21,27,경기도 시흥시 오이도로 123-1,37.3479586,126.6905025,031-499-4310,http://www.oidohotel.com
296,한국관광공사,관광호텔업,2성,2019-12-20,경기도,로얄프라임 호텔 (구. 호매실 호텔),65,경기도 수원시 권선구 금곡로197번길 17-10  (금곡동),37.2755025,126.9540398,031-246-1000,http://landmark.zc.bz
308,한국관광공사,관광호텔업,2성,2019-12-13,경기도,광명 JS 부티크호텔,88,경기도 광명시 오리로854번길 16-18 (철산동),37.4742264,126.8688516,02-2619-3001,http://www.gmhotel.co.kr
338,한국관광공사,관광호텔업,4성,2019-11-11,경기도,밀리토피아 호텔,149,경기도 성남시 수정구 위례대로 83  (창곡동),37.4683691,127.1437378,031-727-9300,http://www.militopiahotel.com
342,한국관광공사,관광호텔업,3성,2019-11-04,경기도,호텔 시에나,100,경기도 파주시 소리천로 31  (야당동),37.7188961,126.7614408,031-943-7260 ,http://www.hotelsienna.com
346,한국관광공사,관광호텔업,3성,2019-10-28,경기도,아셈 호텔,73,경기도 김포시 태장로795번길 145  (장기동),37.639536,126.6845957,031-997-3230,http://hotelassem.com/
354,한국관광공사,관광호텔업,2성,2019-10-13,경기도,의정부 라트리 호텔,58,경기도 의정부시 청사로6번길 19-13,37.74977,127.0720047,031-843-5100,http://www.uijeongbu-latree.com
360,한국관광공사,관광호텔업,2성,2019-10-04,경기도,호텔 루이스,100,경기도 성남시 중원구 광명로 22-1  (성남동),37.4359703,127.1448183,031-752-3118,http://hotel-louis.imweb.me
363,한국관광공사,관광호텔업,2성,2019-09-27,경기도,랜드마크 호텔,104,경기도 수원시 영통구 봉영로 1591  (영통동),37.2535071,127.0725353,031-202-3773,http://www.landmarkhotel1.com
380,한국관광공사,관광호텔업,1성,2019-08-21,경기도,호텔 파비아,50,경기도 부천시 부일로 510  (심곡동),37.4894464,126.7801652,032-614-7500 ,http://hotelpavia.co.kr
389,한국관광공사,관광호텔업,2성,2019-08-02,경기도,IMT 호텔 안산,39,경기도 안산시 상록구 성호로1길 12-4  (일동),37.3096293,126.8687705,031-416-4043,
410,한국관광공사,관광호텔업,1성,2019-07-12,경기도,에버그린관광호텔,45,경기도 양주시 장흥면 권율로 190-45  ,37.7300793,126.9510322,031-855-7900,http://www.evergreentouristhotel.co.kr
415,한국관광공사,관광호텔업,2성,2019-07-09,경기도,메트로폴 관광호텔 (구. 송탄 메트로 호텔),50,경기도 평택시 관광특구로 24  (서정동),37.0665643,127.0614396,031-668-0002,http://www.songtanmetrohotel.co.kr
417,한국관광공사,관광호텔업,1성,2019-07-06,경기도,호텔 도노,41,경기도 수원시 팔달구 신풍로 68  (장안동),37.2869938,127.0138545,031-258-8881,http://www.hoteldono.com
431,한국관광공사,관광호텔업,2성,2019-06-19,경기도,뉴수원 호텔,54,경기도 수원시 팔달구 화서문로72번길 33  (북수동),37.2844408,127.0168627,031-245-2405,https://newsuwon.modoo.at
435,한국관광공사,관광호텔업,2성,2019-06-17,경기도,MS 호텔,56,경기도 수원시 권선구 효원로220번길 22  (권선동),37.262072,127.0252166,031-221-1100,http://www.mshotel.co.kr
437,한국관광공사,관광호텔업,1성,2019-06-17,경기도,타소스 호텔,42,경기도 수원시 권선구 권선로669번길 26  (권선동),37.2609343,127.0252617,031-237-3400,http://www.thassoshotel.co.kr/
451,한국관광공사,관광호텔업,3성,2019-06-05,경기도, 서머셋 센트럴 분당 (구. JS 호텔 분당),206,경기도 성남시 분당구 황새울로311번길 36  (서현동),37.386511,127.121075,031-620-0038,http://www.jshotelbundang.com/
453,한국관광공사,관광호텔업,2성,2019-05-31,경기도,호텔 아리수,66,경기도 김포시 태장로795번길 123  (장기동),37.6379309,126.6825156,031-996-8800,https://hotelarisu.modoo.at/
461,한국관광공사,소형호텔업,1성,2019-05-24,경기도,호텔 씨하이,29,경기도 시흥시 오이도로135번길 72  (정왕동),37.3420721,126.6868445,031-319-0078,
464,한국관광공사,관광호텔업,2성,2019-05-22,경기도,호텔 아스트로,94,경기도 용인시 수지구 포은대로 479 (풍덕천동),37.3240889,127.1022009,031-948-1795,http://www.astrohotel.com
469,한국관광공사,관광호텔업,1성,2019-05-13,경기도,센트럴관광호텔,52,경기도 안양시 동안구 흥안대로 513  (관양동),37.3997241,126.9763174,031-423-2111,http://www.central-hotel.co.kr/
471,한국관광공사,관광호텔업,3성,2019-05-10,경기도,호텔 실크로드,90,경기도 수원시 팔달구 인계로94번길 27-19  (인계동),37.2668336,127.0285376,031-232-9981,http://www.hotelsilkroad.co.kr
477,한국관광공사,관광호텔업,2성,2019-05-07,경기도,펜타스타 호텔,69,경기도 김포시 태장로795번길 111  (장기동),37.6379309,126.6825156,031-982-5555,https://pentastarhotel.modoo.at
478,한국관광공사,관광호텔업,1성,2019-05-03,경기도,자니비 호텔,30,경기도 수원시 권선구 장다리로 75  (권선동),37.2571561,127.0203548,031-221-8008,
497,한국관광공사,관광호텔업,2성,2019-04-09,경기도,평택스테이 호텔,67,경기도 평택시 평택1로 7  (평택동),36.9927541,127.0863667,031-654-3333,http://www.pyeongtaekstay.com
518,한국관광공사,소형호텔업,1성,2019-03-18,경기도,빨간등대 관광호텔,29,경기도 시흥시 오이도로135번길 10  (정왕동),37.3474791,126.6889364,031-319-0020,
530,한국관광공사,관광호텔업,2성,2019-03-06,경기도,제이비스 호텔,58,경기도 의정부시 청사로6번길 19-7  (신곡동),37.7496305,127.0717997,031-836-4500,
535,한국관광공사,관광호텔업,3성,2019-03-05,경기도,베니키아 프리미어 호텔 시흥,280,경기도 시흥시 평안상가4길 21  (정왕동),37.33774,126.7498135,031-433-0001 ,http://siheunghotel.net
539,한국관광공사,관광호텔업,3성,2019-02-26,경기도,아발론 호텔,100,경기도 안양시 만안구 현충로 2  (안양동),37.393401,126.9301694,031-389-8010,https://www.hotelavl.com/
540,한국관광공사,관광호텔업,1성,2019-02-25,경기도,해시호텔,46,경기도 수원시 팔달구 갓매산로 72-1  (고등동),37.2700133,127.0031427,031-247-4301,
543,한국관광공사,관광호텔업,3성,2019-02-19,경기도,CS 프리미어 관광호텔,157,경기도 안양시 만안구 경수대로 1180  (안양동),37.4159863,126.9169405,02-830-1616,http://www.thecshotel.com/
551,한국관광공사,관광호텔업,4성,2019-01-29,경기도,롤링힐스 호텔,228,경기도 화성시 남양읍 시청로 290  ,37.1899996,126.838741,031-268-1000,https://www.rollinghills.co.kr
570,한국관광공사,관광호텔업,3성,2018-11-27,경기도,호텔 리츠,45,경기도 수원시 팔달구 권광로134번길 44-11  (인계동),37.2584257,127.0335066,031-224-1100,http://www.hotel-ritz.co.kr/
573,한국관광공사,관광호텔업,3성,2018-11-22,경기도,호텔 아르떼,54,경기도 수원시 팔달구 인계로108번길 37  (인계동),37.2661719,127.029511,031-8067-6600,http://www.hotelarte.co.kr
579,한국관광공사,관광호텔업,3성,2018-11-07,경기도,쉐르빌온천관광호텔,67,경기도 양평군 개군면 신내길7번길 37  ,37.4684746,127.531448,031-774-4101,http://www.cherevillehotel.com
608,한국관광공사,관광호텔업,2성,2018-05-03,경기도,B-Stay 부천호텔,98,경기도 부천시 길주로 131  (상동),37.505957,126.7571824,032-326-8181,http://www.bstaybucheonhotel.co.kr
628,한국관광공사,관광호텔업,2성,2017-12-28,경기도,성남 호텔 바인,66,경기도 성남시 중원구 산성대로 184  (성남동),37.4360633,127.1392599,031-721-3350,https://hotelvine.modoo.at/
630,한국관광공사,관광호텔업,4성,2017-12-21,경기도,노보텔 앰배서더 수원,287,경기도 수원시 팔달구 덕영대로 902  (매산로1가),37.2682812,126.9991344,031-547-6651,http://novotel.ambatel.com/suwon
632,한국관광공사,관광호텔업,1성,2017-12-12,경기도,분당 리젠시 호텔,56,경기도 성남시 분당구 황새울로 352  (서현동),37.3867163,127.124174,031-1544-6880,http://www.regency.kr
633,한국관광공사,관광호텔업,2성,2017-12-05,경기도,메이트 호텔,62,경기도 성남시 분당구 황새울로335번길 7  (서현동),37.3878575,127.1228937,031-705-5111,http://www.matehotel-bundang.co.kr/
654,한국관광공사,관광호텔업,2성,2017-06-22,경기도,엘가호텔,78,경기도 화성시 향남읍 평6길 46-1,37.1301224,126.9079339,031-366-3319,http://www.elgahotel.co.kr/
662,한국관광공사,관광호텔업,2성,2017-04-05,경기도,약암홍염천관광호텔,71,경기도 김포시 대곶면 약암로 965-7,37.6378896,126.551516,031-989-7000,http://www.yakam.co.kr
7,한국관광협회중앙회,관광호텔업,2성,2021-12-27,경상남도,아몬드키즈관광호텔,42,경상남도 김해시 활천로237번길 8-13 (어방동),35.2433126,128.9061996,055-723-3535,http://almondkid.modoo.at
15,한국관광협회중앙회,관광호텔업,1성,2021-12-22,경상남도,브룩스호텔,35,경상남도 통영시 통영해안로 407  (정량동),34.8452446,128.4309477,055-644-1212,https://booking.naver.com/booking/3/bizes/249961
26,한국관광협회중앙회,가족호텔업,2성,2021-12-09,경상남도,거제뷰 골프텔,40,경상남도 거제시 거제면 두동로 259-80  ,34.8824408,128.5916509,055-639-2201,http://www.geojeview.co.kr
46,한국관광협회중앙회,관광호텔업,2성,2021-11-12,경상남도,통영 엔쵸비 관광호텔,43,경상남도 통영시 동호로 56  (정량동),34.842872,128.4314394,055-642-6000,http://www.anchovyhotel.com
52,한국관광협회중앙회,관광호텔업,4성,2021-10-28,경상남도,그랜드 머큐어 앰배서더 창원 (구. 풀만 앰배서더 창원),321,경상남도 창원시 의창구 원이대로 332 (대원동),35.2395289,128.6556374,055-600-0700,https://www.ambatel.com/grandmercure/changwon/ko/main.do
67,한국관광협회중앙회,가족호텔업,3성,2021-09-10,경상남도,호텔스테이온,63,경상남도 거제시 장평1로9길 21-4  (장평동),34.8927461,128.610442,055-922-1700,http://www.codelliahotel.com
79,한국관광협회중앙회,관광호텔업,3성,2021-07-23,경상남도,스카이뷰 관광호텔,94,경상남도 창원시 마산합포구 해안대로 317  (신포동2가),35.2008972,128.5753479,055-248-2700,https://www.skyviewhotel.kr/
84,한국관광협회중앙회,관광호텔업,2성,2021-07-14,경상남도,웰니스 호텔 인산가,36,경상남도 함양군 함양읍 삼봉로 292-90  ,35.4627859,127.6637215,055-963-9585,http://www.wellnesshotel.co.kr/
100,한국관광협회중앙회,가족호텔업,1성,2021-06-17,경상남도,HOTEL GA JO,30,경상남도 거창군 가조면 온천길 108-11  ,35.6989268,128.0265324,055-944-0112,https://www.hotelgajo.co.kr/
108,한국관광협회중앙회,관광호텔업,4성,2021-06-17,경상남도,호텔 아리나,78,경상남도 밀양시 삼문강변로 82  (삼문동),35.4837326,128.7517257,055-350-7000,http://www.hotelarina.com
113,한국관광협회중앙회,관광호텔업,3성,2021-06-08,경상남도,에비뉴 호텔 창원,60,경상남도 창원시 의창구 용지로169번길 5  (용호동),35.2301384,128.6815325,055-263-7200,http://www.hotelavenue.co.kr
121,한국관광협회중앙회,관광호텔업,4성,2021-05-25,경상남도,스탠포드 호텔&리조트 ,144,경상남도 통영시 도남로 347 (도남동),34.8291616,128.4251833,055-725-0000,http://www.stanfordtongyeong.com
125,한국관광협회중앙회,관광호텔업,2성,2021-05-14,경상남도,노마드 호텔,46,경상남도 김해시 인제로91번길 5  (어방동),35.2364016,128.9040298,055-326-7700,http://www.nomadhotel.co.kr
126,한국관광협회중앙회,관광호텔업,2성,2021-05-14,경상남도,아르누보 스위트 호텔,96,경상남도 거제시 장평1로 13  (장평동),34.8918729,128.6171685,055-731-1234,http://www.hotel1212.com
143,한국관광협회중앙회,관광호텔업,1성,2021-04-23,경상남도,사과나무호텔,41,경상남도 창원시 마산합포구 가포신항북로 16  (가포동),35.1598206,128.5709966,055-223-9800,https://hotelapplelrtree.modoo.at
149,한국관광공사,관광호텔업,2성,2020-12-18,경상남도,아모르 관광호텔,52,경상남도 창원시 진해구 명제로472번길 17  (제덕동),35.1034363,128.7452548,055-604-4242,http://www.amorhotel.co.kr/main/main.php
168,한국관광공사,관광호텔업,2성,2020-11-19,경상남도,리안호텔,32,경상남도 창원시 진해구 명제로 478  (제덕동),35.1004503,128.7431348,055-713-5577,
185,한국관광공사,관광호텔업,5성,2020-10-17,경상남도,거제삼성호텔,166,경상남도 거제시 장평3로 80-37  (장평동),34.8961937,128.6123341,055-631-2114,http://www.sghotel.co.kr/main.do
199,한국관광공사,관광호텔업,2성,2020-08-21,경상남도,브라운도트 호텔 진해점,39,경상남도 창원시 진해구 용원동로221번길 60-7 (용원동),35.0917627,128.8126363,055-552-8092,
209,한국관광공사,소형호텔업,2성,2020-07-20,경상남도,브릿지호텔,21,경상남도 통영시 용남면 남해안대로 18  ,34.8907012,128.4738873,055-649-3800,http://www.bridgehotel.net
210,한국관광공사,관광호텔업,2성,2020-07-20,경상남도,여우비 호텔,60,경상남도 창원시 마산합포구 월영동11길 22 (해운동),35.1803551,128.5648875,055-243-9999,http://yeoubihotel.modoo.at
221,한국관광공사,관광호텔업,3성,2020-06-05,경상남도,호텔 파인 그로브,66,경상남도 김해시 번화1로67번길 20,35.1902506,128.8032483,055-310-1100,http://www.pinegrove.co.kr
233,한국관광공사,관광호텔업,2성,2020-05-11,경상남도,호텔 라온,34,경상남도 함양군 함양읍 함양로 1148-2,35.5211103,127.7282736,055-962-1234,http://raonhotel.modoo.at/
238,한국관광공사,소형호텔업,1성,2020-04-16,경상남도,오션 스파 호텔,27,경상남도 고성군 고성읍 신월로 60 ,34.9526495,128.3311759,055-673-7781,http://oceanspahotel.co.kr
259,한국관광공사,관광호텔업,2성,2020-02-28,경상남도,비즈 관광호텔,35,경상남도 창원시 진해구 진해대로 2116,35.1577569,128.6798881,055-547-0016,http://www.bizhotel.co.kr
260,한국관광공사,관광호텔업,3성,2020-02-28,경상남도,창원 호텔,173,경상남도 창원시 성산구 중앙대로39번길 14,35.2201952,128.6747235,055-283-5551,http://www.changwonhotel.co.kr
275,한국관광공사,관광호텔업,2성,2019-12-28,경상남도,진주 카이 호텔,43,경상남도 진주시 정촌면 화개천로 132-14,35.13048,128.105738,055-756-9200,http://jinjukai.co.kr
279,한국관광공사,관광호텔업,2성,2019-12-26,경상남도,밀양 관광호텔,32,경상남도 밀양시 가곡7길 5-1,35.4744586,128.7673201,055-356-3882,https://blog.naver.com/chs0903
283,한국관광공사,관광호텔업,2성,2019-12-26,경상남도,통영갤러리관광호텔,38,경상남도 통영시 도남로 257-27,34.8291945,128.4322787,055-645-3773 ,http://www.tyhotel.kr/
293,한국관광공사,관광호텔업,1성,2019-12-20,경상남도,올림픽관광호텔,86,경상남도 창원시 성산구 중앙대로 81,35.2225127,128.6779558,055-285-3331,http://www.olympichotel.co.kr
377,한국관광공사,관광호텔업,1성,2019-08-21,경상남도,베니키아 센트럴 호텔,37,경상남도 통영시 광도면 춘원2로 49-20,34.956432,128.4135083,055-643-7001 ,http://benikeacentralhotel.com
383,한국관광공사,관광호텔업,1성,2019-08-10,경상남도,래디언스 관광호텔,30,경상남도 거제시 옥포대첩로 425  (덕포동),34.9077393,128.7056587,055-688-3801,http://www.radiancehotel.co.kr
397,한국관광공사,관광호텔업,3성,2019-07-30,경상남도,크라운 호텔,60,경상남도 창원시 의창구 창원대로363번길 22-5  (팔용동),35.2378105,128.6400408,055-237-1001 ,http://www.cronhotel.kr
401,한국관광공사,관광호텔업,2성,2019-07-26,경상남도,아몬드 호텔,44,경상남도 창원시 진해구 진희로23번길 4  (제황산동),35.1438891,128.6720597,055-552-3888,
428,한국관광공사,관광호텔업,1성,2019-06-28,경상남도,호텔라움,35,경상남도 창원시 진해구 가주로 42  (가주동),35.1099885,128.8406569,055-543-6900,
489,한국관광공사,관광호텔업,3성,2019-04-18,경상남도,호텔 리베라 거제,138,경상남도 거제시 일운면 거제대로 2190  ,34.8111103,128.7038864,055-730-5000,http://www.hotelriviera.co.kr
511,한국관광공사,관광호텔업,2성,2019-03-27,경상남도,포르투나 호텔,64,경상남도 통영시 미수해안로 152  (봉평동),34.8329171,128.4140105,055-643-7000,http://www.bestfortuna.com/
521,한국관광공사,관광호텔업,3성,2019-03-14,경상남도,상상속의 집,30,경상남도 거제시 일운면 거제대로 2752  ,34.847531,128.7098409,055-682-5252 ,http://www.inspirationpoint.co.kr
541,한국관광공사,관광호텔업,2성,2019-02-21,경상남도,사천관광호텔,57,경상남도 사천시 사천읍 역사길 12  ,35.0810635,128.0856311,055-854-9000,http://www.sacheonhotel.com/
609,한국관광공사,관광호텔업,3성,2018-04-30,경상남도,애드미럴 호텔,129,경상남도 거제시 서간도길 16  (옥포동),34.8896499,128.6875531,055-687-3761,http://www.admiralhotel.co.kr
644,한국관광공사,관광호텔업,4성,2017-10-11,경상남도,호텔 인터내셔널,121,경상남도 창원시 성산구 중앙대로 69  (중앙동),35.2218428,128.6771736,055-281-1001,http://www.hotelinternational.co.kr/
10,한국관광협회중앙회,관광호텔업,3성,2021-12-27,경상북도,덕구온천리조트 호텔,98,경상북도 울진군 북면 덕구온천로 924  ,37.0787343,129.2842909,054-782-0677,http://www.dukgu.com
14,한국관광협회중앙회,관광호텔업,4성,2021-12-22,경상북도,더 케이 호텔 경주,304,경상북도 경주시 엑스포로 45 더케이호텔경주 (신평동),35.837472,129.291928,054-745-8100,http://www.thek-hotel.co.kr/gjmh/
16,한국관광협회중앙회,관광호텔업,2성,2021-12-22,경상북도,포항 코모도 호텔,46,경상북도 포항시 남구 송도로 71  (송도동),36.0345567,129.3783945,054-241-1400,
20,한국관광협회중앙회,관광호텔업,5성,2021-12-16,경상북도,라한셀렉트 경주 (구. 호텔현대 경주),430,경상북도 경주시 보문로 338  (신평동),35.8498939,129.2779244,054-748-2233,http://www.lahanhotels.com
39,한국관광협회중앙회,관광호텔업,2성,2021-11-19,경상북도,엘라포니시,52,경상북도 경주시 감포읍 동해안로 1594 ,35.748169,129.4874526,054-741-5000,http://elafonisi.co.kr/
45,한국관광협회중앙회,가족호텔업,2성,2021-11-12,경상북도,안동 리첼 호텔,90,경상북도 안동시 관광단지로 346-69  (성곡동),36.5679496,128.7821181,054-850-9700,http://richell-andong.co.kr/
55,한국관광협회중앙회,관광호텔업,1성,2021-10-28,경상북도,풍기 관광 호텔,47,경상북도 영주시 풍기읍 풍기로 53 풍기관광호텔 ,36.86977,128.5248,054-637-8800,
57,한국관광협회중앙회,관광호텔업,3성,2021-10-22,경상북도,스위트 호텔 경주,34,경상북도 경주시 보문로 280-12  (북군동),35.8537782,129.2773469,054-778-5300,http://www.suites.co.kr/gyeongju/ko/
76,한국관광협회중앙회,관광호텔업,2성,2021-07-28,경상북도,노블리온 호텔 ,42,경상북도 포항시 남구 희망대로659번길 20  (대잠동),36.0123168,129.3467658,054-272-0009,https://www.instagram.com/noblionhotel/
156,한국관광공사,관광호텔업,3성,2020-11-28,경상북도,베니키아 스위스로젠 호텔,60,경상북도 경주시 보문로 465-37  (신평동),35.8405938,129.2924967,054-748-4848,
176,한국관광공사,관광호텔업,1성,2020-11-17,경상북도,케이호텔,31,경상북도 경주시 천북면 천강로 295-60  ,35.9162231,129.279016,054-748-6000,
180,한국관광공사,관광호텔업,2성,2020-11-10,경상북도,호텔 뷰,42,경상북도 포항시 북구 해안로 91  (두호동),36.0637632,129.3891157,054-256-0055,https://pohangview.modoo.at/
211,한국관광공사,소형호텔업,1성,2020-07-10,경상북도,호텔 라우스데오,29,경상북도 포항시 북구 장량로127번길 6  (장성동),36.0831672,129.3949495,054-255-6000,
223,한국관광공사,관광호텔업,2성,2020-05-27,경상북도,울진 그랜드 호텔,40,경상북도 울진군 울진읍 현내항길 97,36.9917029,129.4098517,054-781-9901,http://www.uljingrandhotel.com
228,한국관광공사,관광호텔업,2성,2020-05-19,경상북도,센트로 관광호텔,54,경상북도 칠곡군 왜관읍 중앙로 152-3 ,35.9886152,128.3998491,054-972-2777,http://www.centrohotel.co.kr
264,한국관광공사,관광호텔업,3성,2020-02-17,경상북도,경주 지지 관광호텔,53,경상북도 경주시 태종로699번길 3,35.839042,129.2044284,054-701-0090,http://www.gghotel.co.kr/
351,한국관광공사,관광호텔업,2성,2019-10-22,경상북도,윈 호텔,53,경상북도 포항시 북구 해안로 89,36.0567048,129.3776375,054-242-3355,
375,한국관광공사,관광호텔업,2성,2019-08-24,경상북도,김천 파크 호텔,40,경상북도 김천시 대항면 황학동길 35-23  ,36.115654,128.0169866,054-437-8000,http://www.gimcheonpark.com/
376,한국관광공사,관광호텔업,1성,2019-08-23,경상북도,백송스파비스 관광호텔,30,경상북도 군위군 부계면 한티로 2244  ,36.030959,128.6259827,054-383-9486,http://bshotel.co.kr
418,한국관광공사,관광호텔업,2성,2019-07-05,경상북도,가야 호텔,59,경상북도 성주군 수륜면 가야산식물원길 52  ,35.802751,128.1425783,054-931-3500,http://www.gayahotel.kr/
441,한국관광공사,관광호텔업,5성,2019-06-14,경상북도,힐튼경주,330,경상북도 경주시 보문로 484-7  (신평동),35.8405031,129.2854942,054-745-7788 ,http://www.hiltongyeongju.co.kr
449,한국관광공사,관광호텔업,3성,2019-06-05,경상북도,라한호텔 포항,160,경상북도 포항시 북구 삼호로265번길 1  (두호동),36.0612788,129.3780036,054-230-7000,
460,한국관광공사,관광호텔업,3성,2019-05-24,경상북도,씨엠파크 호텔,62,경상북도 안동시 풍천면 검무로 10-17  ,36.5561655,128.5065237,054-853-7800,http://www.cmparkhotel.com
517,한국관광공사,관광호텔업,2성,2019-03-18,경상북도,베니키아 호텔 포항,80,경상북도 포항시 남구 중앙로 128  (해도동),36.0245346,129.368519,054-282-2700,https://www.benikea.com/hotelreservation/quickreservation.do
520,한국관광공사,관광호텔업,3성,2019-03-18,경상북도,안동그랜드호텔,82,경상북도 안동시 관광단지로 346-84  (성곡동),36.5668806,128.7803446,054-851-9000,http://www.andonggrandhotel.com
527,한국관광공사,관광호텔업,3성,2019-03-06,경상북도,구미 센츄리 호텔,131,경상북도 구미시 3공단1로 296,36.1085847,128.4026788,054-478-0100,http://www.gumicentury.co.kr
531,한국관광공사,관광호텔업,2성,2019-03-06,경상북도,호텔 파크 비지니스,45,경상북도 구미시 금오산로 217-16  (남통동),36.1212658,128.3252592,054-451-9000,http://www.hotelparkbusiness.com
567,한국관광공사,관광호텔업,2성,2018-12-04,경상북도,주왕산 온천 관광 호텔,47,경상북도 청송군 청송읍 중앙로 315  ,36.4360844,129.0627445,054-874-7000 ,http://juwangspahotel.co.kr
588,한국관광공사,관광호텔업,4성,2018-09-12,경상북도,호텔 금오산,130,경상북도 구미시 금오산로 400,36.1105826,128.3100535,054-450-4056,http://www.hotelgeumosan.com/
603,한국관광공사,소형호텔업,1성,2018-06-14,경상북도,울릉도 이사부 호텔,24,경상북도 울릉군 울릉읍 도동1길 21-1,37.4861552,130.9055854,054-791-8253,http://www.ulleunghotel.com
610,한국관광공사,관광호텔업,4성,2018-04-13,경상북도,경주 코오롱 호텔,317,경상북도 경주시 불국로 289-17  (마동),35.7875924,129.3217327,054-746-9001,http://www.kolonhotel.co.kr
34,한국관광협회중앙회,관광호텔업,4성,2021-11-26,광주광역시,홀리데이 인 광주 호텔,205,광주광역시 서구 상무누리로 55  (치평동),35.1473666,126.8381207,062-610-7000,http://higwangju.com/
93,한국관광협회중앙회,관광호텔업,3성,2021-07-07,광주광역시,씨에스 호텔,94,광주광역시 서구 상무평화로 128 (치평동),35.1492116,126.8525841,062-363-3300,http://cshotel.kr
207,한국관광공사,관광호텔업,3성,2020-07-20,광주광역시,ACC 디자인 호텔,76,광주광역시 동구 금남로 226-11,35.1486452,126.9165786,062-227-6400,http://www.acchotel.kr/
278,한국관광공사,관광호텔업,4성,2019-12-26,광주광역시,라마다 프라자 광주 호텔,123,광주광역시 서구 상무자유로 149  (치평동),35.1519812,126.8505532,062-717-7000,http://www.ramadagwangju.com
344,한국관광공사,관광호텔업,2성,2019-11-01,광주광역시,엠파이어관광호텔,43,광주광역시 광산구 임방울대로800번길 25,35.2160471,126.8462723,062-962-2000,http://www.empirehotel.co.kr
385,한국관광공사,관광호텔업,2성,2019-08-08,광주광역시,광주관광호텔,72,광주광역시 북구 서하로183번길 56  (오치동),35.1878012,126.9014703,062-261-7777,http://www.gwangjuhotel.co.kr
420,한국관광공사,관광호텔업,3성,2019-07-05,광주광역시,벤틀리 관광호텔 충장점,91,광주광역시 동구 서석로10번길 5  (불로동),35.1447564,126.9157489,062-236-5881,http://www.bentleyhotel.co.kr
459,한국관광공사,관광호텔업,2성,2019-05-27,광주광역시,호텔 프랑스,46,광주광역시 서구 시청로20번길 21-6  (치평동),35.1507687,126.8544334,062-382-6000,http://www.hotelfrance.co.kr
508,한국관광공사,관광호텔업,1성,2019-04-02,광주광역시,피렌체 관광호텔,59,광주광역시 서구 상무중앙로38번길 5-8  (치평동),35.1508528,126.8495199,062-380-0000,http://www.hotelfirenze.co.kr
512,한국관광공사,관광호텔업,1성,2019-03-26,광주광역시,호텔 센트럴,45,광주광역시 서구 상무연하로 68  (치평동),35.15429,126.8504977,062-383-7575,http://www.hotelcentral.co.kr
536,한국관광공사,관광호텔업,3성,2019-03-04,광주광역시,신양 파크 호텔,87,광주광역시 동구 지호로 214-7  (지산동),35.1534245,126.9437523,062-228-8000,http://shinyangparkhotel.com
660,한국관광공사,관광호텔업,1성,2017-04-17,광주광역시,마스터스 관광호텔,74,광주광역시 서구 상무연하로 46,35.15223,126.8505508,062-382-7700,http://www.mastershotel.com/
85,한국관광협회중앙회,관광호텔업,2성,2021-07-14,대구광역시,팔공산 온천 관광호텔,36,대구광역시 동구 팔공산로185길 11 (용수동),35.9882326,128.6929635,053-985-8080,http://www.palgongspa.co.kr
104,한국관광협회중앙회,관광호텔업,3성,2021-06-17,대구광역시,제이비관광호텔,47,대구광역시 동구 율암로 162  (상매동),35.8881978,128.7059117,053-964-2000,
105,한국관광협회중앙회,관광호텔업,3성,2021-06-17,대구광역시,퀸벨 호텔,62,대구광역시 동구 동촌로 200  (방촌동),35.8825026,128.6625412,053-282-1000,http://www.queenvell.com
144,한국관광협회중앙회,관광호텔업,1성,2021-04-23,대구광역시,칸호텔,44,대구광역시 달성군 구지면 달성2차동1로 141 ,35.6381506,128.4229906,053-263-0777,
152,한국관광공사,관광호텔업,2성,2020-12-03,대구광역시,호텔G,44,대구광역시 달성군 구지면 달성2차동1로 145  ,35.6381506,128.4229906,053-263-5511,http://blog.never.com/gg1124kr
154,한국관광공사,관광호텔업,2성,2020-12-01,대구광역시,인스타 부티크 호텔,52,대구광역시 동구 율암로 164 (상매동),35.8832975,128.7041013,053-213-8080,http://instarhotel/co/kr
159,한국관광공사,관광호텔업,2성,2020-11-25,대구광역시,리버틴호텔,53,대구광역시 중구 경상감영길 193  (동문동),35.8716857,128.5966951,053-269-4000,http://www.rivertain.com
201,한국관광공사,관광호텔업,2성,2020-08-12,대구광역시,노블스테이,51,대구광역시 중구 국채보상로123길 23  (동문동),35.8716911,128.5972792,053-421-5007,
219,한국관광공사,관광호텔업,2성,2020-06-12,대구광역시,앙코르 호텔,72,대구광역시 동구 이노밸리로 7  (상매동),35.9228226,128.7218104,053-241-2233,http://www.encorehotel.org
265,한국관광공사,관광호텔업,2성,2020-02-13,대구광역시,토요코인 대구동성로,215,대구광역시 중구 동성로1길 15  (동성로3가),35.868573,128.5933746,053-428-1045,https://www.toyoko-inn.com
270,한국관광공사,관광호텔업,3성,2019-12-30,대구광역시,에이더블유 호텔,54,대구광역시 달서구 성서로 413,35.8544494,128.5067228,053-589-6700,http://www.awhotel.co.kr
276,한국관광공사,관광호텔업,2성,2019-12-27,대구광역시,아마레 호텔,45,대구광역시 동구 율암로 156-15  (상매동),35.8832975,128.7041013,053-953-2580,
306,한국관광공사,관광호텔업,4성,2019-12-18,대구광역시,엘디스 리젠트 호텔,110,대구광역시 중구 달구벌대로 2033  (동산동),35.866455,128.5863062,053-253-7711,http://www.eldishotel.com/html/main.asp
326,한국관광공사,관광호텔업,2성,2019-11-26,대구광역시,유니온 관광호텔,64,대구광역시 중구 태평로 117,35.8761594,128.5907988,053-252-2221,
340,한국관광공사,관광호텔업,4성,2019-11-05,대구광역시,호텔 라온제나,93,대구광역시 수성구 범어천로 73,35.8534696,128.6231157,053-718-7000,http://www.hotellaonzena.com/
361,한국관광공사,관광호텔업,2성,2019-10-02,대구광역시,호텔 엘리시아,61,대구광역시 달서구 갈밭남로 45  (대곡동),35.8011005,128.5335823,053-625-9100,
504,한국관광공사,관광호텔업,5성,2019-04-02,대구광역시,호텔 인터불고 대구,322,대구광역시 수성구 팔현길 212  (만촌동),35.8728166,128.660676,053-602-7114,http://www.hotel-interburgo-daegu.com/
584,한국관광공사,관광호텔업,4성,2018-10-10,대구광역시,대구 그랜드 호텔,150,대구광역시 수성구 동대구로 305  (범어동),35.8577321,128.6251586,053-251-8001,http://daegugrand.co.kr
624,한국관광공사,관광호텔업,4성,2018-01-04,대구광역시,노보텔 앰배서더 대구,204,대구광역시 중구 국채보상로 611  (문화동),35.8709358,128.597695,053-664-1101,https://www.ambatel.com/novotel/daegu/ko/main.do
640,한국관광공사,관광호텔업,3성,2017-11-20,대구광역시,팔공 에밀리아 호텔,40,대구광역시 동구 팔공산로 1121  (용수동),35.9892943,128.6920949,053-623-1000,http://www.emillia.co.kr
40,한국관광협회중앙회,관광호텔업,3성,2021-11-18,대전광역시,레전드 호텔,74,대전광역시 유성구 계룡로141번길 21  (봉명동),36.3535046,127.3459182,042-229-8000,http://www.legendhotel.co.kr/kor/index.do
109,한국관광협회중앙회,관광호텔업,4성,2021-06-08,대전광역시,롯데시티호텔 대전,306,대전광역시 유성구 엑스포로123번길 33  (도룡동),36.3769613,127.3926565,042-333-1000,https://www.lottehotel.com/daejeon-city/ko.html
155,한국관광공사,관광호텔업,3성,2020-12-01,대전광역시,유성호텔,189,대전광역시 유성구 온천로 9  (봉명동),36.3561902,127.3388662,042-820-0100,http://www.yousunghotel.com
220,한국관광공사,관광호텔업,3성,2020-06-10,대전광역시,계룡스파텔,143,대전광역시 유성구 온천로 81,36.3557439,127.3471908,042-602-1111,http://www.jaekyungdan.mil.kr/sub/bokjiinfo/sisulinfo/spatel/default/default.jsp
251,한국관광공사,관광호텔업,3성,2020-03-19,대전광역시,호텔 ICC,90,대전광역시 유성구 엑스포로123번길 55,36.3769613,127.3926565,042-866-5000,http://www.hotelicc.com/
456,한국관광공사,관광호텔업,3성,2019-05-30,대전광역시,라온 컨벤션,54,대전광역시 유성구 온천로 88  (봉명동),36.3539357,127.3474544,042-822-0131,http://www.laonhotel.com
458,한국관광공사,관광호텔업,3성,2019-05-28,대전광역시,나봄 호텔 (구. 에스앤 호텔),75,대전광역시 유성구 테크노중앙로 69  (관평동),36.4229469,127.3916609,042-936-1500,http://www.sandhotel.co.kr/
470,한국관광공사,관광호텔업,2성,2019-05-10,대전광역시,베니키아 호텔 대림,44,대전광역시 중구 대종로505번길 50  (선화동),36.3284919,127.4224499,042-251-9500 ,http://www.daelimhotel.com
602,한국관광공사,관광호텔업,2성,2018-06-19,대전광역시,디엠프레스호텔,66,대전광역시 서구 한밭대로570번길 29-20  (월평동),36.3569057,127.3632436,042-485-3030,http://www.theempresshotel.co.kr
648,한국관광공사,관광호텔업,4성,2017-08-21,대전광역시,호텔 인터시티,204,대전광역시 유성구 온천로 92,36.3542127,127.347842,042-600-6000,
3,한국관광협회중앙회,관광호텔업,2성,2021-12-27,부산광역시,샤이어호텔 서면,71,부산광역시 부산진구 부전로 18-5  (부전동),35.1522225,129.0571234,051-806-7172,http://www.shiretel.com
5,한국관광협회중앙회,관광호텔업,3성,2021-12-27,부산광역시,호텔 아쿠아펠리스,111,부산광역시 수영구 광안해변로 225  (광안동),35.1540323,129.1187815,051-790-2300,http://www.aquapalace.co.kr/
8,한국관광협회중앙회,관광호텔업,2성,2021-12-27,부산광역시,	투헤븐 호텔,31,부산광역시 수영구 남천바다로33번길 25 투헤븐호텔 (광안동),35.1495091,129.1145854,051-757-7661,
12,한국관광협회중앙회,관광호텔업,5성,2021-12-27,부산광역시,힐튼 부산,310,부산광역시 기장군 기장읍 기장해안로 268-32  ,35.1976638,129.2280861,051-509-1111,http://www.hiltonbusan.co.kr
13,한국관광협회중앙회,관광호텔업,2성,2021-12-23,부산광역시,TRT HOTEL,49,부산광역시 부산진구 부전로 33-1  (부전동),35.1532541,129.0560415,051-819-8231,http://trthotel.com/
17,한국관광협회중앙회,소형호텔업,1성,2021-12-20,부산광역시,호텔브라운도트 광안비치점,29,부산광역시 수영구 남천바다로33번길 31  (광안동),35.1498209,129.1147872,051-753-3288,
21,한국관광협회중앙회,관광호텔업,5성,2021-12-15,부산광역시,롯데호텔 부산,650,부산광역시 부산진구 가야대로 772  (부전동),35.1568526,129.0566466,051-810-5600,http://www.lottehotel.com/busan-hotel/ko.html
22,한국관광협회중앙회,관광호텔업,2성,2021-12-15,부산광역시,소르젠떼 비지니스 호텔,46,부산광역시 사상구 광장로81번길 55  (괘법동),35.1648575,128.9840116,051-715-2340,http://www.sorgente-hotel.com
32,한국관광협회중앙회,관광호텔업,2성,2021-11-30,부산광역시,명지 오이아 호텔,51,부산광역시 강서구 명지국제6로1번길 24 (도하마린타워) (명지동),35.0998348,128.928286,051-207-1201,https://bsoiahotel.modoo.at/
49,한국관광협회중앙회,관광호텔업,1성,2021-11-03,부산광역시,에이치에비뉴 호텔 광안리,29,"부산광역시 수영구 민락수변로 29 11층, 12층 (민락동)",35.1531826,129.1246887,051-753-1340,http://havenue.gamsunglab.com/branch2
51,한국관광협회중앙회,관광호텔업,3성,2021-11-03,부산광역시,호메르스 호텔,143,부산광역시 수영구 광안해변로 217 (광안동),35.1534266,129.1179962,051-750-8000,http://www.homershotel.com
54,한국관광협회중앙회,관광호텔업,2성,2021-10-28,부산광역시,	선트리 관광호텔,32,부산광역시 해운대구 달맞이길 209 1층 (중동),35.1604754,129.1765493,051-742-0021,http://www.suntreehotel.com
59,한국관광협회중앙회,관광호텔업,2성,2021-10-15,부산광역시,라메르 호텔,49,부산광역시 동구 조방로34번길 9  (범일동),35.1405016,129.0623006,051-634-3001,http://lamerhotel.co.kr
62,한국관광협회중앙회,관광호텔업,2성,2021-10-15,부산광역시,호텔 런더너 광안점,45,부산광역시 수영구 민락본동로 12-4  (민락동),35.1576584,129.1287048,051-755-0055,
64,한국관광협회중앙회,관광호텔업,2성,2021-09-15,부산광역시,베스트 루이스 해밀턴 호텔 서부산점,50,부산광역시 강서구 범방3로29번길 6  (범방동),35.1548,128.8867167,051-660-6900,http://www.bestlouishamilton.com
71,한국관광협회중앙회,관광호텔업,2성,2021-08-26,부산광역시,호텔 라온,67,부산광역시 해운대구 송정광어골로 39 호텔라온 (송정동),35.1776606,129.1972707,051-714-0003,http://www.busan-laon.com
81,한국관광협회중앙회,관광호텔업,4성,2021-07-23,부산광역시,아바니 센트럴 부산,281,부산광역시 남구 전포대로 133  (문현동),35.1422239,129.0672816,051-791-5800,http://www.avanihotels.com/ko/central-busan
102,한국관광협회중앙회,관광호텔업,2성,2021-06-17,부산광역시,라이온호텔 ,73,부산광역시 부산진구 중앙대로691번가길 14-7  (부전동),35.1551881,129.0561872,051-808-3593,http://www.lionhotelbusan.com
106,한국관광협회중앙회,관광호텔업,2성,2021-06-17,부산광역시,하운드호텔 기장일광점,55,부산광역시 기장군 일광면 해송3로 2  ,35.2658366,129.2319072,051-723-3322,https://houndig.modoo.at/
111,한국관광협회중앙회,관광호텔업,4성,2021-06-08,부산광역시,신라스테이 해운대,407,부산광역시 해운대구 해운대로570번길 46 (우동),35.1596667,129.1588889,051-912-9000,https://www.shillastay.com/haeundae/index.do?lang=ko
116,한국관광협회중앙회,관광호텔업,3성,2021-06-08,부산광역시,호텔 센트럴베이,134,부산광역시 수영구 광안해변로 189  (광안동),35.1514808,129.1164967,051-982-9700,http://www.centralbay.co.kr
122,한국관광협회중앙회,관광호텔업,2성,2021-05-25,부산광역시,씨엘오션호텔,51,부산광역시 강서구 명지국제6로34번길 22  (명지동),35.0998348,128.928286,051-271-8686,https://cohotel.modoo.at/
130,한국관광협회중앙회,관광호텔업,5성,2021-05-11,부산광역시,그랜드 조선 부산,330,부산광역시 해운대구 해운대해변로 292  (중동),35.1600161,129.1630504,051-922-5000,https://gjb.josunhotel.com/main.do
136,한국관광협회중앙회,관광호텔업,3성,2021-04-30,부산광역시,페어필드 바이 메리어트 부산 송도비치호텔,179,부산광역시 서구 송도해변로 113  (암남동),35.0777186,129.0193398,051-260-0000,http://www.marriott.com/pusfb
138,한국관광협회중앙회,관광호텔업,2성,2021-04-24,부산광역시,유토피아 호텔,43,부산광역시 수영구 무학로9번길 133  (광안동),35.1674184,129.117057,051-757-1100,
163,한국관광공사,관광호텔업,5성,2020-11-23,부산광역시,시그니엘 부산,260,"부산광역시 해운대구 달맞이길 30  (중동, 엘시티)",35.1599375,129.1698125,051-922-1000,https://www.lottehotel.com/busan-signiel
164,한국관광공사,소형호텔업,2성,2020-11-20,부산광역시,미포 오션사이드 호텔,28,부산광역시 해운대구 달맞이길62번길 28  (중동),35.1588219,129.170621,051-601-4300,http://www.mipohotel.com
170,한국관광공사,관광호텔업,2성,2020-11-19,부산광역시,하운드호텔,49,부산광역시 수영구 남천바다로33번길 12 (광안동),35.148902,129.1145355,051-755-0072,https://gwanganhound.modoo.at/
184,한국관광공사,관광호텔업,2성,2020-10-22,부산광역시,JB 디자인 호텔,80,부산광역시 해운대구 구남로12번길 31,35.1614214,129.1604153,051-750-9000,http://www.jbdesignhotel.com
192,한국관광공사,관광호텔업,2성,2020-09-18,부산광역시,베스트 인 시티 호텔,72,부산광역시 동구 고관로 7  (초량동),35.1203214,129.0405644,051-464-8883,http://bestincityhotel.co.kr/
198,한국관광공사,관광호텔업,1성,2020-08-27,부산광역시,라스베가스 호텔,48,부산광역시 사하구 낙동남로1405번길 14,35.1072363,128.965666,051-203-8442,
225,한국관광공사,관광호텔업,2성,2020-05-22,부산광역시,지앤지 호텔,41,부산광역시 남구 유엔평화로4번길 34,35.1345992,129.0900209,051-626-7723,
234,한국관광공사,관광호텔업,4성,2020-04-21,부산광역시,코모도 호텔,311,부산광역시 중구 중구로 151  (영주동),35.1121673,129.0303368,051-461-9101,https://www.commodore.co.kr/html/intro/
253,한국관광공사,관광호텔업,1성,2020-03-17,부산광역시,브라운도트 호텔 정관점,41,부산광역시 기장군 정관읍 산단1로 98-31  ,35.3161999,129.1813742,051-728-8100,
272,한국관광공사,관광호텔업,3성,2019-12-30,부산광역시,타워힐 호텔,116,부산광역시 중구 백산길 20,35.1012166,129.0343176,051-250-6100,http://www.towerhill.co.kr
274,한국관광공사,관광호텔업,5성,2019-12-29,부산광역시,파라다이스 호텔 부산,532,부산광역시 해운대구 해운대해변로 296  (중동),35.1601338,129.1646875,051-742-2121,http://www.busanparadisehotel.co.kr
294,한국관광공사,관광호텔업,2성,2019-12-20,부산광역시,에이치에비뉴 호텔 광안리 해변점,33,부산광역시 수영구 광안해변로278번길 42 B동 8~10층 (민락동),35.1539709,129.1245349,051-751-5858,http://h-avenue.com
310,한국관광공사,관광호텔업,2성,2019-12-12,부산광역시,에어스카이 호텔,61,부산광역시 강서구 유통단지1로57번길 2  (대저2동),35.1695936,128.9537005,051-971-0093,http://www.airskyhotel.co.kr
313,한국관광공사,관광호텔업,5성,2019-12-06,부산광역시,호텔 농심,240,부산광역시 동래구 금강공원로20번길 23,35.219814,129.0820719,051-550-2100,https://www.hotelnongshim.com
325,한국관광공사,관광호텔업,2성,2019-11-26,부산광역시,시애틀비 호텔,55,부산광역시 연제구 거제천로154번길 42  (연산동),35.1862939,129.0789011,051-852-7685 ,http://www.seattlebhotel.com
353,한국관광공사,관광호텔업,2성,2019-10-14,부산광역시,토요코인 부산해운대2호점,510,부산광역시 해운대구 해운대해변로237번길 5  (우동),35.160454,129.1555337,051-741-1045,https:/www.toyoko-inn.com
356,한국관광공사,관광호텔업,2성,2019-10-11,부산광역시,더포인트호텔 광안리점,45,부산광역시 수영구 광안해변로278번길 42 오션브릿지 A동 7~10층 (민락동),35.1539709,129.1245349,051-929-8600,
357,한국관광공사,관광호텔업,5성,2019-10-08,부산광역시,웨스틴 조선호텔 부산,290,부산광역시 해운대구 동백로 67  (우동),35.1559601,129.1539819,051-749-7000 ,https://twcb.echosunhotel.com/main.do
359,한국관광공사,관광호텔업,2성,2019-10-04,부산광역시,부산 비치 관광호텔,35,부산광역시 서구 등대로 113  (남부민동),35.0849717,129.0262432,051-231-0750,http://beach.nayooint.co.kr
378,한국관광공사,소형호텔업,2성,2019-08-21,부산광역시,오션투헤븐 호텔,26,부산광역시 수영구 광안해변로278번길 42 A동 5~6층 (민락동),35.1539709,129.1245349,051-761-3001,http://ocean2heaven.co.kr
390,한국관광공사,관광호텔업,3성,2019-08-02,부산광역시,베니키아 프리미어 호텔 해운대,166,부산광역시 해운대구 해운대해변로 317  (중동),35.1622264,129.1648161,051-760-7000,http://www.hotelhaeundae.com/
407,한국관광공사,관광호텔업,2성,2019-07-16,부산광역시,리베로 호텔 (구. 호텔 리베라 해운대),91,부산광역시 해운대구 구남로29번길 21  (중동),35.1624373,129.1612486,051-740-2111 ,http://www.liberohotel.co.kr
422,한국관광공사,관광호텔업,5성,2019-07-05,부산광역시,파크 하얏트 부산,269,부산광역시 해운대구 마린시티1로 51  (우동),35.1539774,129.1456473,051-990-1234,http://busan.park@hyatt.com
445,한국관광공사,관광호텔업,2성,2019-06-10,부산광역시,베스트루이스해밀턴호텔 광안점,50,부산광역시 수영구 광안해변로 276  (민락동),35.1556046,129.1240086,051-760-0808,http://www.bestlouishamilton.com
450,한국관광공사,관광호텔업,2성,2019-06-05,부산광역시,브라운도트 호텔 하단점,51,부산광역시 사하구 낙동남로1423번길 47  (하단동),35.1083891,128.9660196,051-201-3994,
467,한국관광공사,관광호텔업,3성,2019-05-20,부산광역시,티티호텔,103,부산광역시 부산진구 새싹로 35  (부전동),35.1641796,129.0625568,051-808-5514,http://www.hoteltt.co.kr
473,한국관광공사,관광호텔업,2성,2019-05-08,부산광역시,동부산 관광호텔,61,부산광역시 기장군 장안읍 장안로 38  ,35.3434217,129.2531467,051-727-9991 ,http://www.dongbusanhotel.com
475,한국관광공사,관광호텔업,3성,2019-05-08,부산광역시,페어필드 바이 메리어트 부산,225,부산광역시 해운대구 해운대해변로 314  (중동),35.1616137,129.1527785,051-749-7773,http://marriott.com/pusfi
487,한국관광공사,관광호텔업,3성,2019-04-18,부산광역시,베니키아 프리미어 마리안느 호텔,127,부산광역시 해운대구 해운대해변로 310  (중동),35.1615294,129.1645654,051-606-0600,http://www.mariannehotel.co.kr
492,한국관광공사,관광호텔업,1성,2019-04-17,부산광역시,프리미엄V,43,부산광역시 수영구 남천바다로33번길 51  (광안동),35.1512045,129.1161549,051-752-6564,
506,한국관광공사,관광호텔업,2성,2019-04-02,부산광역시,소사이어티에스호텔 해운대,72,부산광역시 해운대구 구남로12번길 37  (우동),35.1615303,129.1577946,051-744-0303,http://www.hotelsociety.co.kr
507,한국관광공사,관광호텔업,2성,2019-04-02,부산광역시,부산 신신호텔,63,부산광역시 부산진구 중앙대로743번길 24,35.1598129,129.0590074,051-816-4479,https://www.hotelshinshin.com
544,한국관광공사,관광호텔업,2성,2019-02-15,부산광역시,캐슬 비치 호텔,54,부산광역시 수영구 민락수변로 141  (민락동),35.1564277,129.1346245,051-757-2500,http://castlebeach.co.kr
549,한국관광공사,관광호텔업,2성,2019-02-11,부산광역시,토요코인 서면,308,부산광역시 부산진구 서전로 39  (전포동),35.1579657,129.0640686,051-638-1045,http://www.toyoko-inn.com
552,한국관광공사,관광호텔업,3성,2018-12-28,부산광역시,이비스 앰배서더 부산시티센터,207,부산광역시 부산진구 중앙대로 777  (부전동),35.161672,129.061894,051-930-1150,https://www.ambatel.com/ibis/busan/ko/main.do
554,한국관광공사,관광호텔업,2성,2018-12-28,부산광역시,호텔1,52,부산광역시 수영구 광안해변로 203  (광안동),35.1525118,129.1174009,02-332-5204,http://www.hotel1.me
555,한국관광공사,관광호텔업,2성,2018-12-27,부산광역시,호텔포레 부산역점,47,부산광역시 동구 중앙대로296번길 6  (초량동),35.1226155,129.0446441,051-463-6171,http://www.hotelforet.com/view/index.do?bsnscode=21
572,한국관광공사,관광호텔업,4성,2018-11-26,부산광역시,아스티 호텔 부산,360,부산광역시 동구 중앙대로214번길 7-8  (초량동),35.1161924,129.0413676,051-409-8888,http://www.astihotel.co.kr
580,한국관광공사,관광호텔업,2성,2018-11-07,부산광역시,이비스 버젯 앰배서더 부산 해운대,178,부산광역시 해운대구 해운대해변로209번길 8  (우동),35.1593702,129.1548104,051-901-1111,https://www.ambatel.com/ibisbudget/haeundae/ko/main.do
585,한국관광공사,관광호텔업,2성,2018-10-05,부산광역시,사우스반데코호텔,56,부산광역시 부산진구 서면로 6  (부전동),35.1556577,129.0581568,051-815-5252,http://www.southvandeco.com
594,한국관광공사,관광호텔업,1성,2018-08-13,부산광역시,유엔 송도 호텔,45,부산광역시 서구 충무대로 16  (암남동),35.0773224,129.0162877,051-242-6635,http://www.유엔호텔.kr/
598,한국관광공사,관광호텔업,3성,2018-07-19,부산광역시,호텔포레 프리미어 해운대,66,부산광역시 해운대구 해운대해변로265번길 13-20  (우동),35.1606998,129.1602744,051-743-2853,http://www.hotelforetpremier.com/view/index.do?bsnscode=11&ss_svc_lang_code=kor
606,한국관광공사,관광호텔업,2성,2018-05-30,부산광역시,광장호텔,56,부산광역시 동구 중앙대로214번길 7  (초량동),35.1161924,129.0413676,051-464-3141,http://www.hotelgwangjang
614,한국관광공사,관광호텔업,2성,2018-03-26,부산광역시,토요코인 부산역 1호점,359,부산광역시 동구 중앙대로196번길 12  (초량동),35.1141251,129.0407829,051-466-1045,https://www.toyoko-inn.com/korea/
625,한국관광공사,관광호텔업,2성,2017-12-29,부산광역시,베이하운드호텔,69,부산광역시 영도구 태종로65번길 11  (대교동1가),35.0931507,129.0384545,051-413-1114,http://bayhoundhotel.com
626,한국관광공사,관광호텔업,3성,2017-12-29,부산광역시,스탠포드 인 부산,132,부산광역시 중구 구덕로 53  (남포동5가),35.0977606,129.0295567,051-795-7700,http://www.stanfordbusan.com
638,한국관광공사,관광호텔업,2성,2017-11-24,부산광역시,토요코인 부산역 2호점,491,부산광역시 중구 중앙대로 125  (대창동1가),35.1080021,129.0362307,051-442-1045,http://www.toyoko-inn.com
664,한국관광공사,관광호텔업,1성,2017-03-21,부산광역시,이데아 호텔,52,부산광역시 남구 유엔평화로 35,35.1319787,129.0924437,051-611-6643,http://www.hotelgaden.com/
1,한국관광협회중앙회,관광호텔업,4성,2021-12-28,서울특별시,스탠포드 호텔 서울,239,서울특별시 마포구 월드컵북로58길 15  (상암동),37.5818178,126.8867568,02-6016-0213,http://www.stanfordseoul.com/
2,한국관광협회중앙회,관광호텔업,4성,2021-12-28,서울특별시,코트야드 바이 메리어트 서울 보타닉 파크,262,서울특별시 강서구 마곡중앙12로 10 코트야드 메리어트 서울 보타닉파크 (마곡동),37.5668938,126.8294628,02-6946-7000,http://www.marriott.co.kr/hotels/travel/selcs-courtyard-seoul-botanic-park
4,한국관광협회중앙회,관광호텔업,4성,2021-12-27,서울특별시,레스케이프 호텔,204,서울특별시 중구 퇴계로 67  (회현동1가),37.5584918,126.9806097,02-317-4000,https://lescapehotel.com
9,한국관광협회중앙회,가족호텔업,4성,2021-12-27,서울특별시,프레이저플레이스 센트럴 서울,269,서울특별시 중구 통일로 78 (순화동),37.5625907,126.969776,02-2220-8888,http://fpcs.co.kr/
11,한국관광협회중앙회,관광호텔업,3성,2021-12-27,서울특별시,홀리데이 인 익스프레스 서울 홍대,294,서울특별시 마포구 양화로 188 (동교동),37.5555281,126.9308709,02-768-3000,http://www.hiex-seoulhongdae.com
18,한국관광협회중앙회,소형호텔업,2성,2021-12-16,서울특별시,나무호텔,23,서울특별시 광진구 아차산로76가길 12  (광장동),37.5472365,127.107075,02-456-3271,http://www.namuhotel.com
23,한국관광협회중앙회,관광호텔업,4성,2021-12-13,서울특별시,L7 강남 바이 롯데,333,서울특별시 강남구 테헤란로 415 L7 강남 (삼성동),37.5170861,127.0521798,02-2011-1000,https://www.lottehotel.com/gangnam-l7/ko.html
27,한국관광협회중앙회,관광호텔업,5성,2021-12-08,서울특별시,"조선 팰리스 서울 강남, 럭셔리 컬렉션 호텔",254,서울특별시 강남구 테헤란로 231  (역삼동),37.5030426,127.041588,02-727-7200,https://jpy.josunhotel.com/main.do
28,한국관광협회중앙회,관광호텔업,3성,2021-12-07,서울특별시,롯데시티호텔 김포공항,197,서울특별시 강서구 하늘길 38  (방화동),37.5667733,126.8025118,02-6116-1000,https://www.lottehotel.com/gimpo-city/ko.html/
35,한국관광협회중앙회,관광호텔업,2성,2021-11-22,서울특별시,에이치에비뉴 호텔 이대,94,서울특별시 마포구 신촌로 152  (노고산동),37.5561936,126.9425616,02-702-4577,http://havenue.gamsunglab.com/branch4
36,한국관광협회중앙회,관광호텔업,2성,2021-11-22,서울특별시,호텔 DM,100,서울특별시 종로구 난계로29길 73  (숭인동),37.5740796,127.0222396,02-2236-3144,http://www.hotel-dm.com
37,한국관광협회중앙회,관광호텔업,5성,2021-11-19,서울특별시,(주)호텔 신라,464,서울특별시 중구 동호로 249  (장충동2가),37.5577399,127.0076342,02-2233-3131,https://www.shilla.net/seoul/index.do
38,한국관광협회중앙회,관광호텔업,1성,2021-11-19,서울특별시,써클 호텔 서울,40,서울특별시 마포구 양화로 15 써클호텔 (합정동),37.5488857,126.9107619,02-338-0018,
42,한국관광협회중앙회,가족호텔업,5성,2021-11-12,서울특별시,그랜드 머큐어 앰배서더 호텔 앤 레지던스 서울 용산,196,서울특별시 용산구 청파로20길 95 서울드래곤시티 (한강로3가),37.5318794,126.9629005,02-2223-7000,https://www.seouldragoncity.com/ko/
43,한국관광협회중앙회,가족호텔업,5성,2021-11-12,서울특별시,노보텔 스위트 앰배서더 서울 용산,264,서울특별시 용산구 청파로20길 95 서울드래곤시티 (한강로3가),37.5318794,126.9629005,02-2223-7000,https://sdc-club.com/ko/
48,한국관광협회중앙회,관광호텔업,1성,2021-11-12,서울특별시,호텔 에스,86,서울특별시 강서구 곰달래로 108 (화곡동),37.5301945,126.8446719,02-2602-6002,http://www.s-hotel.co.kr/
50,한국관광협회중앙회,관광호텔업,5성,2021-11-03,서울특별시,몬드리안 서울 이태원 (구. 호텔캐피탈),297,서울특별시 용산구 장문로 1  (이태원동),37.5296388,126.9916353,02-2076-2000,http://mondrian-seoul.com
60,한국관광협회중앙회,관광호텔업,4성,2021-10-15,서울특별시,서울가든호텔,372,서울특별시 마포구 마포대로 58  (도화동),37.5380658,126.9465824,02-710-7111,https://seoulgarden.co.kr/
66,한국관광협회중앙회,관광호텔업,4성,2021-09-10,서울특별시,알로프트서울명동호텔,223,서울특별시 중구 남대문로 56  (명동2가),37.5622456,126.9819711,02-2084-1000,http://www.aloftseoulmyeongdong.com
69,한국관광협회중앙회,관광호텔업,4성,2021-09-01,서울특별시,오라카이 대학로 호텔,232,서울특별시 종로구 율곡로 180  (원남동),37.5756001,126.9970567,02-6353-7700,http://www.orakaihotels.com
70,한국관광협회중앙회,관광호텔업,3성,2021-09-01,서울특별시,호텔 엔트라,92,서울특별시 강남구 도산대로 508  (청담동),37.5239993,127.0484477,02-500-1500,http://www.entrahotel.com
73,한국관광협회중앙회,관광호텔업,5성,2021-08-23,서울특별시,JW 메리어트 동대문스퀘어 서울,170,서울특별시 종로구 청계천로 279  (종로6가),37.5704307,127.0064187,02-2276-3000,http://www.jwmarriottddm.com
80,한국관광협회중앙회,관광호텔업,5성,2021-07-23,서울특별시,그랜드 인터컨티넨탈 서울 파르나스,550,서울특별시 강남구 테헤란로 521 그랜드 인터컨티넨탈 서울 파르나스 (삼성동),37.5088823,127.0608141,02-555-5656,http:// https://www.grandicparnas.com
82,한국관광협회중앙회,관광호텔업,3성,2021-07-14,서울특별시,롯데시티호텔 구로,287,서울특별시 구로구 디지털로 300 지밸리비즈플라자 (구로동),37.4850947,126.8963023,02-6210-1000,https://www.lottehotel.com/guro-city
86,한국관광협회중앙회,관광호텔업,1성,2021-07-12,서울특별시,드어반 호텔,46,서울특별시 강서구 곰달래로24길 35  (화곡동),37.5454891,126.8428208,02-2602-6393,
87,한국관광협회중앙회,관광호텔업,4성,2021-07-07,서울특별시,포포인츠 바이 쉐라톤 조선 서울 명동,375,서울특별시 중구 삼일대로10길 36  (저동2가),37.5656637,126.9894803,02-6466-6000,https://www.josunhotel.com/hotel/fpbsmyeongdong.do
88,한국관광협회중앙회,관광호텔업,2성,2021-07-07,서울특별시,글루호텔,53,서울특별시 종로구 율곡로 228  (이화동),37.575687,127.004005,02-2024-8400,http://gluehotel.com
91,한국관광협회중앙회,관광호텔업,2성,2021-07-07,서울특별시,리치 다이아몬드 호텔,76,서울특별시 강북구 삼양로 500-18  (수유동),37.6475375,127.0155684,02-905-9131,http://http://www.richdiamondhotel.com
92,한국관광협회중앙회,관광호텔업,3성,2021-07-07,서울특별시,신라스테이 서초,305,서울특별시 서초구 효령로 427  (서초동),37.4893591,127.0301365,02-2219-9101,https://www.shillastay.com/seocho/index.do?lang=ko
94,한국관광협회중앙회,관광호텔업,4성,2021-07-07,서울특별시,	코트야드 바이 메리어트 서울 타임스퀘어,283,서울특별시 영등포구 영중로 15  (영등포동4가),37.517007,126.9041419,02-2638-3000,http://www.courtyardseoul.com
95,한국관광협회중앙회,관광호텔업,5성,2021-07-07,서울특별시,페어몬트 앰배서더 서울,326,서울특별시 영등포구 여의대로 108  (여의도동),37.5237584,126.9225703,02-3395-6000,https://www.fairmont.co.kr/seoul/
96,한국관광협회중앙회,관광호텔업,5성,2021-07-07,서울특별시,롯데 호텔 서울,1015,서울특별시 중구 을지로 30  (소공동),37.5633537,126.9812226,02-771-1000,http://www.lottehotel.com
97,한국관광협회중앙회,관광호텔업,5성,2021-07-07,서울특별시,롯데 호텔 월드,482,서울특별시 송파구 올림픽로 240  (잠실동),37.5078953,127.0861619,02-419-7000,https://www.lottehotel.com/world-hotel/ko.html
107,한국관광협회중앙회,관광호텔업,3성,2021-06-17,서울특별시,호텔 미드시티 명동 (구. 에이퍼스트호텔 명동),140,서울특별시 중구 다동길 30  (다동),37.567602,126.9808953,02-3788-5888,https://www.midcity.co.kr/
114,한국관광협회중앙회,관광호텔업,3성,2021-06-08,서울특별시,트레블로지 명동 시티홀 호텔 (구. 호텔 아로파),129,서울특별시 중구 세종대로16길 22  (북창동),37.562425,126.9781136,02-6362-6000,http://www.travelodgemyeongdongcityhall.com
115,한국관광협회중앙회,관광호텔업,1성,2021-06-08,서울특별시,호텔 감,37,서울특별시 강동구 천호대로159길 22-36  (천호동),37.538354,127.1286722,02-486-5600,
120,한국관광협회중앙회,관광호텔업,3성,2021-05-25,서울특별시,호텔 파크하비오,472,"서울특별시 송파구 송파대로 111  (문정동, 파크하비오)",37.482085,127.123578,02-6925-2900,http://www.hotelparkhabio.co.kr/
123,한국관광협회중앙회,관광호텔업,2성,2021-05-25,서울특별시,카파쓰 호텔,48,서울특별시 강남구 언주로89길 21,37.5014581,127.0411348,02-6205-3900,http://www.capace.co.kr
124,한국관광협회중앙회,관광호텔업,5성,2021-05-25,서울특별시,"더 플라자 서울, 오토그래프 컬렉션",410,서울특별시 중구 소공로 119  (태평로2가),37.564636,126.978059,02-771-2200,http://www.hoteltheplaza.com
127,한국관광협회중앙회,관광호텔업,5성,2021-05-12,서울특별시,웨스틴 조선 서울,462,서울특별시 중구 소공로 106  (소공동),37.5644064,126.9796971,02-771-0500,https://www.josunhotel.com/hotel/westinseoul.do
131,한국관광협회중앙회,관광호텔업,3성,2021-05-11,서울특별시,골드리버호텔,109,서울특별시 금천구 서부샛길 584 (가산동),37.4739817,126.881206,02-6021-8100,http://www.goldriverhotel.co.kr
133,한국관광협회중앙회,관광호텔업,1성,2021-05-06,서울특별시,바고 관광호텔,42,서울특별시 강동구 천중로 27  (천호동),37.5444304,127.1355866,02-478-2575,https://hotel.naver.com/hotels/item?hotelid=hotel:vago_tourist_hotel&destination_kor=%eb%b0%94%ea%b3%a0%20%ea%b4%80%ea%b4%91%ed%98%b8%ed%85%94&nxquery=%eb%b0%94%ea%b3%a0%ea%b4%80%ea%b4%91%ed%98%b8%ed%85%94
134,한국관광협회중앙회,관광호텔업,3성,2021-05-06,서울특별시,호텔 페이토 삼성,163,서울특별시 강남구 테헤란로87길 9  (삼성동),37.5084084,127.0586761,02-6936-9700,http://www.peytohotel.com
135,한국관광협회중앙회,관광호텔업,3성,2021-05-04,서울특별시,크라운 호텔,204,서울특별시 용산구 녹사평대로 140  (이태원동),37.5314137,126.9907821,02-797-4111,https://hotelcrown.co.kr/
139,한국관광협회중앙회,관광호텔업,2성,2021-04-23,서울특별시,호텔 베이 204,71,서울특별시 도봉구 도봉로 710  (방학동),37.6622653,127.0431073,02-955-7400,http://www.hotelbay204.com
140,한국관광협회중앙회,관광호텔업,2성,2021-04-23,서울특별시,자딘 호텔,36,서울특별시 영등포구 영신로34길 33,37.5191355,126.9046526,02-2069-0468,
148,한국관광협회중앙회,관광호텔업,2성,2021-03-29,서울특별시,호텔 더 디자이너스 건대,75,서울특별시 광진구 천호대로 521,37.5586155,127.0765753,02-466-7851,http://hotelthedesigners.com/
160,한국관광공사,관광호텔업,3성,2020-11-25,서울특별시,메리골드 호텔,186,서울특별시 마포구 양화로 112  (서교동),37.5532644,126.9197566,02-322-3578,http://www.hotelmarigold.co.kr
167,한국관광공사,관광호텔업,5성,2020-11-20,서울특별시,파크 하얏트 서울,185,서울특별시 강남구 테헤란로 606  (대치동),37.5085791,127.0641676,02-2016-1234,http://parkhyattseoul.com
172,한국관광공사,관광호텔업,2성,2020-11-18,서울특별시,메이커스 호텔,42,서울특별시 종로구 돈화문로11길 33,37.5723767,126.9895062,02-747-5000,https://www.makers-hotel.com/
175,한국관광공사,관광호텔업,2성,2020-11-17,서울특별시,호텔 드씨엘,60,서울특별시 중랑구 동일로 866  (묵동),37.6077376,127.0786593,02-975-9380,
179,한국관광공사,관광호텔업,1성,2020-11-13,서울특별시,호텔부티크나인,86,서울특별시 광진구 천호대로 560 (능동),37.5565205,127.0801392,02-456-1261,https://kdboutique9.modoo.at/
187,한국관광공사,관광호텔업,3성,2020-10-16,서울특별시,호텔 GMS,159,서울특별시 영등포구 경인로 867  (영등포동3가),37.5173782,126.9089033,02-882-2000,
191,한국관광공사,관광호텔업,3성,2020-09-29,서울특별시,도미인 서울 강남,220,서울특별시 강남구 봉은사로 134,37.5056066,127.0294479,02-548-5489,http://www.hotespa.net/hotels/gangnam/ko/
193,한국관광공사,관광호텔업,2성,2020-09-10,서울특별시,토요코인 서울영등포,379,서울특별시 영등포구 신길로 293  (영등포동1가),37.5177659,126.9120418,02-6959-1045,https://www.toyoko-inn.com/korea
194,한국관광공사,관광호텔업,3성,2020-09-08,서울특별시,신라스테이 삼성,309,서울특별시 강남구 영동대로 506 (삼성동),37.5098867,127.0631706,02-2175-9000,https://www.shillastay.com/samsung/index.do?lang=ko
196,한국관광공사,관광호텔업,2성,2020-09-01,서울특별시,호텔루 136,51,서울특별시 은평구 진흥로 136  (녹번동),37.6076782,126.925248,02-386-0300,http://hotelru.kr/
200,한국관광공사,관광호텔업,5성,2020-08-16,서울특별시,시그니엘 서울,235,서울특별시 송파구 올림픽로 300 롯데월드타워 (신천동),37.5137161,127.1051931,02-3213-1000,https://www.lottehotel.com/seoul-signiel/ko.html
204,한국관광공사,관광호텔업,1성,2020-07-31,서울특별시,베니키아 노블 호텔,34,서울특별시 종로구 율곡로6길 13-3,37.5766524,126.9896511,02-742-4025,http://www.noblehotel.co.kr
205,한국관광공사,관광호텔업,2성,2020-07-29,서울특별시,호텔 더 캐슬(방이1),63,서울특별시 송파구 올림픽로32길 7  (방이동),37.5128054,127.1139906,02-412-2600,http://www.hotel-thecastle.com
206,한국관광공사,관광호텔업,2성,2020-07-22,서울특별시,리치웰 호텔,57,서울특별시 강남구 테헤란로37길 13-10  (역삼동),37.5029341,127.0398119,02-553-6655,http://richwellhotel.com/html/main.asp
213,한국관광공사,소형호텔업,1성,2020-07-06,서울특별시,부티크 호텔 XYM,29,서울특별시 송파구 송이로 104  (가락동),37.4968497,127.1213683,02-409-5919,
216,한국관광공사,관광호텔업,2성,2020-07-02,서울특별시,호텔 더 디자이너스 서울역점,100,서울특별시 용산구 한강대로 305,37.5455247,126.9715431,02-703-6200,http://hotelthedesigners.kr/
218,한국관광공사,관광호텔업,2성,2020-06-22,서울특별시,딜라이트 호텔,71,서울특별시 송파구 오금로11길 21-9,37.5153507,127.1092966,02-414-1263,http://www.hoteldelight.co.kr
227,한국관광공사,관광호텔업,2성,2020-05-21,서울특별시,샤이닝 글로리 하우스,69,서울특별시 마포구 희우정로 90  (망원동),37.5536363,126.9028248,02-336-9000,http://www.shininggh.com
240,한국관광공사,관광호텔업,2성,2020-04-10,서울특별시,호텔 컬리넌 역삼,54,서울특별시 강남구 언주로87길 11  (역삼동),37.5013153,127.0420878,02-562-3520,http://cullinanhotel.com
247,한국관광공사,관광호텔업,3성,2020-03-24,서울특별시,더 그랜드 호텔 명동,50,서울특별시 중구 명동8가길 38  (충무로2가),37.5616242,126.9871398,02-777-7905,https://www.thegrandhotel.co.kr
248,한국관광공사,관광호텔업,3성,2020-03-23,서울특별시,파로스 호텔,52,서울특별시 송파구 올림픽로10길 5,37.5082508,127.081234,02-417-2700,https://www.hotelpharos.net/
258,한국관광공사,관광호텔업,2성,2020-02-28,서울특별시,브릭스 호텔,53,서울특별시 은평구 은평로8길 1,37.5998351,126.9212409,02-382-9995,http://www.brickshotel.com
261,한국관광공사,관광호텔업,4성,2020-02-25,서울특별시,호텔 인 9,151,서울특별시 강남구 영동대로 618  (삼성동),37.5154693,127.0600658,02-311-9000,http://www.hotelin9.com
262,한국관광공사,관광호텔업,3성,2020-02-24,서울특별시,아벤트리 호텔 종로,151,서울특별시 종로구 우정국로 46,37.5730642,126.9833239,02-736-1234,http://aventreehotel.com
269,한국관광공사,관광호텔업,5성,2020-02-04,서울특별시,안다즈 서울 강남,241,서울특별시 강남구 논현로 854  (신사동),37.5254876,127.0289201,02-2193-1234,https://www.hyatt.com/ko-kr/hotel/south-korea/andaz-seoul-gangnam/selaz
281,한국관광공사,관광호텔업,1성,2019-12-26,서울특별시,부티크 호텔 XYM,34,서울특별시 강남구 테헤란로 611,37.5095277,127.064253,02-564-5242,
284,한국관광공사,관광호텔업,2성,2019-12-26,서울특별시,호텔 도마,50,서울특별시 중구 퇴계로 216,37.5613088,126.9957894,02-2273-9603,http://www.hoteldoma.com
291,한국관광공사,관광호텔업,3성,2019-12-23,서울특별시,신라스테이 광화문,338,서울특별시 종로구 삼봉로 71  (수송동),37.5728106,126.9807587,02-2233-3131,http://www.shillastay.com/gwanghwamun/index.do
297,한국관광공사,관광호텔업,4성,2019-12-20,서울특별시,롯데 시티 호텔 명동,435,서울특별시 중구 삼일대로 362,37.5636995,126.988412,02-6112-1000,https://www.lottehotel.com/myeongdong-city/ko.html
298,한국관광공사,관광호텔업,2성,2019-12-20,서울특별시,씨엘 관광호텔,50,서울특별시 영등포구 영신로32길 8  (영등포동4가),37.5190464,126.9018451,02-2679-7708,
303,한국관광공사,관광호텔업,3성,2019-12-19,서울특별시,IBC 호텔,100,서울특별시 종로구 난계로 241,37.573209,127.0228748,02-2250-3000,http://www.hotelibc.com
304,한국관광공사,관광호텔업,1성,2019-12-19,서울특별시,호텔 티제이,45,서울특별시 강서구 남부순환로 196  (외발산동),37.5514804,126.8213312,02-2662-6118,
305,한국관광공사,관광호텔업,1성,2019-12-18,서울특별시,고궁호텔,58,서울특별시 종로구 율곡로 164  (원남동),37.5757113,126.996793,02-741-3831,
307,한국관광공사,관광호텔업,5성,2019-12-14,서울특별시,스위스 그랜드 호텔 서울 (구. 그랜드 힐튼 서울),503,서울특별시 서대문구 연희로 353,37.5899987,126.9347452,02-3216-5656 ,http://www.grandhiltonseoul.com
309,한국관광공사,관광호텔업,2성,2019-12-13,서울특별시,호텔 디 아티스트 연신내점,48,서울특별시 은평구 통일로 891  (갈현동),37.6246399,126.9193181,02-353-8911,https://ysntheartist.modoo.at
312,한국관광공사,관광호텔업,3성,2019-12-09,서울특별시,호텔 28,83,서울특별시 중구 명동7길 13,37.5642997,126.9839286,02-774-2828,http://www.hotel28.co.kr/
314,한국관광공사,관광호텔업,1성,2019-12-02,서울특별시,호텔 더 캐슬 신천,68,서울특별시 송파구 올림픽로12길 4-17 (잠실동),37.511044,127.0818061,02-423-4300,http://www.hotel-thecastle.com
316,한국관광공사,관광호텔업,1성,2019-11-29,서울특별시,바티카 호텔,52,서울특별시 종로구 청계천로 341,37.5700827,127.0155315,02-741-7080,https://vaticahotel.modoo.at/
317,한국관광공사,관광호텔업,2성,2019-11-29,서울특별시,동대문 관광호텔,52,서울특별시 종로구 종로 286,37.5708294,127.0103348,02-741-7811,http://www.hoteldongdaemun.com/
320,한국관광공사,관광호텔업,4성,2019-11-29,서울특별시,티마크 그랜드 호텔 명동,576,서울특별시 중구 퇴계로 52  (회현동1가),37.5601427,126.9808396,02-2283-3000,http://tmarkgrandhotel.com
324,한국관광공사,관광호텔업,2성,2019-11-26,서울특별시,셀립 여의,133,서울특별시 영등포구 영등포로 389  (신길동),37.5136705,126.9215685,02-833-8887,https://celib.kr/yeoui
328,한국관광공사,관광호텔업,4성,2019-11-25,서울특별시,포포인츠 바이 쉐라톤 서울 구로 ,202,서울특별시 구로구 디지털로32길 72 (구로동),37.4831293,126.8988591,02-6905-9500,http://www.fourpointsguro.com
331,한국관광공사,관광호텔업,3성,2019-11-21,서울특별시,트레블로지 동대문 호텔,242,서울특별시 중구 동호로 359,37.5664371,127.0020062,02-2160-8888,https://www.travelodgehotels.asia/hotel/travelodge-seoul-dongdaemun/
334,한국관광공사,관광호텔업,5성,2019-11-14,서울특별시,그랜드 하얏트 서울,615,서울특별시 용산구 소월로 322  (한남동),37.5390222,126.9958631,02-797-1234 ,http://www.seoul.grand.hyatt.kr
336,한국관광공사,관광호텔업,1성,2019-11-13,서울특별시,호텔 더 디자이너스 청량리,79,서울특별시 동대문구 왕산로 226,37.5817288,127.0476274,02-957-3300,http://hotelthedesigners.com/cheongnyangni/
337,한국관광공사,관광호텔업,3성,2019-11-13,서울특별시,신라스테이 구로,309,서울특별시 동작구 시흥대로 596,37.485621,126.904518,02-2162-9000,http://www.shillastay.com/guro/index.do
341,한국관광공사,소형호텔업,2성,2019-11-05,서울특별시,부띠끄호텔 영인,25,서울특별시 중구 필동로8길 77  (예장동),37.5556985,126.9942527,02-2275-5018,http://younginn.modoo.at/
345,한국관광공사,관광호텔업,1성,2019-10-30,서울특별시,에이치 에비뉴 호텔 역삼,49,서울특별시 강남구 테헤란로29길 12  (역삼동),37.5024315,127.0387326,02-508-6247,http://h-avenue.com
347,한국관광공사,관광호텔업,4성,2019-10-25,서울특별시,코트야드 메리어트 서울 남대문,400,서울특별시 중구 남대문로 9  (남대문로4가),37.5669197,126.9807117,02-2211-8000,http://marriott.co.kr/selsn
348,한국관광공사,관광호텔업,5성,2019-10-24,서울특별시,JW 메리어트 호텔 서울,379,서울특별시 서초구 신반포로 176,37.5041299,127.0030692,02-6282-6262,
349,한국관광공사,소형호텔업,1성,2019-10-23,서울특별시,호텔 타오,28,서울특별시 은평구 통일로 863-24  (갈현동),37.6204572,126.9194999,02-6220-0700,
350,한국관광공사,소형호텔업,1성,2019-10-22,서울특별시,와이호텔,20,서울특별시 은평구 응암로9길 6-11  (응암동),37.5878546,126.9158839,02-302-0279,
355,한국관광공사,관광호텔업,3성,2019-10-13,서울특별시,호텔 아트리움,139,서울특별시 종로구 창경궁로 106  (인의동),37.5718184,126.9981044,02-767-9800,http://www.hotelatrium.co.kr
362,한국관광공사,관광호텔업,3성,2019-09-30,서울특별시,핸드픽트 호텔,42,서울특별시 동작구 상도로 120  (상도동),37.5011889,126.9335326,02-2229-5499,http://www.handpicked.kr
370,한국관광공사,관광호텔업,3성,2019-09-08,서울특별시,강남 스테이 호텔,52,서울특별시 강남구 논현로87길 15-4  (역삼동),37.4993426,127.0354031,02-568-6200,http://www.stayhotel.com
372,한국관광공사,관광호텔업,2성,2019-08-30,서울특별시,호텔 쿠레타케소 인사동,127,서울특별시 종로구 인사동길 20-9  (인사동),37.5728531,126.9865338,02-738-6100,http://www.kuretake-inn.com/insa-dong/ko/
381,한국관광공사,관광호텔업,3성,2019-08-12,서울특별시,솔라리아 니시테츠 호텔 서울,312,서울특별시 중구 명동8길 27,37.5624638,126.9851318,02-773-1555,http://nnr-h.com/solaria/seoul
384,한국관광공사,관광호텔업,5성,2019-08-10,서울특별시,인터컨티넨탈 서울 코엑스,654,서울특별시 강남구 봉은사로 524  (삼성동),37.5101935,127.0585824,02-3452-2500,https://seoul.intercontinental.com/iccoex/
386,한국관광공사,관광호텔업,1성,2019-08-08,서울특별시,서울 호텔 빅토리아,112,서울특별시 강북구 도봉로 16  (미아동),37.6336594,127.0287705,02-986-2000,http://www.victoriaseoul.com
387,한국관광공사,관광호텔업,2성,2019-08-08,서울특별시,호텔 티롤,83,서울특별시 서초구 나루터로 64  (잠원동),37.5150386,127.0171193,02-544-1004,http://www.hoteltirol.co.kr
388,한국관광공사,관광호텔업,4성,2019-08-05,서울특별시,라이즈 오토그래프 컬렉션 바이 메리어트,274,서울특별시 마포구 양화로 130  (서교동),37.5540634,126.9209108,02-330-7700,http://www.rysehotel.com
391,한국관광공사,관광호텔업,5성,2019-08-02,서울특별시,포시즌스 호텔 서울,317,서울특별시 종로구 새문안로 97  (당주동),37.5704869,126.9751563,02-6388-5000,http://www.fourseasons.com/kr/seoul
393,한국관광공사,관광호텔업,1성,2019-07-31,서울특별시,호텔 인피니,40,서울특별시 송파구 백제고분로 268  (삼전동),37.503794,127.0887646,02-425-1000,http://www.hotelinfini.co.kr
395,한국관광공사,관광호텔업,4성,2019-07-30,서울특별시,소테츠호텔즈 더 스프라지르 서울 명동 (구. 골든 튤립 엠호텔 서울 명동),428,서울특별시 중구 남대문로5길 15  (북창동),37.5635252,126.9786554,02-772-0900,https://www.splaisir.com/
396,한국관광공사,관광호텔업,2성,2019-07-30,서울특별시,H 에비뉴 호텔 건대,60,서울특별시 광진구 동일로 156  (화양동),37.5460389,127.0665173,02-499-8616,http://h-avenue.com/
398,한국관광공사,관광호텔업,3성,2019-07-30,서울특별시,호텔 해담채 가산,176,서울특별시 금천구 벚꽃로56길 190  (가산동),37.482747,126.8845978,02-853-7111,http://www.hotelhaedamchae.com/
403,한국관광공사,관광호텔업,3성,2019-07-22,서울특별시,나인트리 호텔 명동,144,서울특별시 중구 명동10길 51  (충무로2가),37.5615788,126.986055,02-750-0999,http://ntm1.ninetreehotel.com/ntm1/
404,한국관광공사,관광호텔업,3성,2019-07-22,서울특별시,호텔 마누,80,서울특별시 중구 퇴계로 19  (남대문로5가),37.5587543,126.9745044,02-777-0100,https://www.seoulista.place/
405,한국관광공사,관광호텔업,3성,2019-07-19,서울특별시,호텔 포레힐,82,서울특별시 강남구 학동로 117  (논현동),37.5120408,127.0236366,02-1899-8059,http://www.foreheal.com
406,한국관광공사,관광호텔업,4성,2019-07-18,서울특별시,오라카이 청계산 호텔,193,서울특별시 서초구 청계산로9길 1-7  (신원동),37.4489375,127.0546875,02-6200-7300,http://cgs.orakaihotels.com
408,한국관광공사,관광호텔업,4성,2019-07-16,서울특별시,L7 호텔 명동,251,서울특별시 중구 퇴계로 137,37.5609724,126.9945971,02-6005-1753,https://www.lottehotel.com/
414,한국관광공사,관광호텔업,4성,2019-07-10,서울특별시,호텔 리베라 서울,319,서울특별시 강남구 영동대로 737  (청담동),37.5238168,127.0542475,02-3438-4124,http://www.hotelriviera.co.kr/
416,한국관광공사,관광호텔업,5성,2019-07-08,서울특별시,밀레니엄 힐튼 서울,680,서울특별시 중구 소월로 50  (남대문로5가),37.5552286,126.9757787,02-753-7788,https://hilton.co.kr/hotel/seoul/millennium-seoul-hilton
419,한국관광공사,관광호텔업,2성,2019-07-05,서울특별시,모닝스카이 호텔,88,"서울특별시 중구 퇴계로45길 32-37 1층 (오장동, 코발트팰리스)",37.5643036,127.0003312,02-2231-6000,http://www.hotelmsky.com/
421,한국관광공사,관광호텔업,3성,2019-07-05,서울특별시,에이든 바이 베스트웨스턴 청담,149,서울특별시 강남구 도산대로 216  (논현동),37.5200172,127.0304502,02-6711-1234,http://www.aidencheongdam.com/
425,한국관광공사,관광호텔업,1성,2019-07-02,서울특별시,서울 발리 관광호텔,50,서울특별시 강동구 풍성로 210  (성내동),37.5290169,127.134982,02-488-5911 ,
427,한국관광공사,관광호텔업,5성,2019-06-28,서울특별시,콘래드 서울 호텔,434,서울특별시 영등포구 국제금융로 10  (여의도동),37.5249367,126.9252845,02-6137-7000 ,https://www.conradseoul.co.kr/
429,한국관광공사,관광호텔업,1성,2019-06-25,서울특별시,신림 K2,45,서울특별시 관악구 신림로64길 29  (신림동),37.485253,126.9313383,02-886-5800,
430,한국관광공사,관광호텔업,5성,2019-06-25,서울특별시,르 메르디앙 서울 호텔,336,서울특별시 강남구 봉은사로 120  (역삼동),37.5047005,127.0275166,02-3451-8000,https://www.marriott.co.kr/hotels/travel/selmd-le-meridien-seoul/
432,한국관광공사,관광호텔업,4성,2019-06-19,서울특별시,켄싱턴 호텔 여의도,225,서울특별시 영등포구 국회대로76길 16  (여의도동),37.5302335,126.9216785,02-6670-7000,http://www.kensingtonyoido.co.kr/
434,한국관광공사,관광호텔업,1성,2019-06-18,서울특별시,유원호텔,71,서울특별시 서초구 반포대로12길 29  (서초동),37.4852105,127.0128233,02-585-0544,http://www.yuwonhotel.com
436,한국관광공사,관광호텔업,3성,2019-06-17,서울특별시,나이아가라 호텔,98,서울특별시 강서구 양천로 743  (염창동),37.552507,126.876035,02-3660-4045,http://www.niagarahotel.co.kr
438,한국관광공사,관광호텔업,1성,2019-06-17,서울특별시,호텔스타 건대,39,서울특별시 광진구 광나루로30길 3  (구의동),37.5448914,127.082431,02-447-6900,
439,한국관광공사,관광호텔업,2성,2019-06-14,서울특별시,베니키아 호텔 플라워,48,서울특별시 동대문구 왕산로 269  (청량리동),37.5809296,127.0455057,02-962-8251,http://www.flowerhotel.co.kr
442,한국관광공사,관광호텔업,4성,2019-06-12,서울특별시,소테츠호텔즈 더 스프라지르 서울 동대문,215,서울특별시 중구 장충단로 226  (광희동2가),37.5668355,127.0073743,02-2198-1212,http://seouldongdaemun.splaisir.com
446,한국관광공사,소형호텔업,2성,2019-06-07,서울특별시,오월호텔,28,서울특별시 강남구 언주로85길 27 (역삼동),37.5005817,127.0410635,02-557-5001,http://owallhotel.com
457,한국관광공사,관광호텔업,3성,2019-05-30,서울특별시,호텔 뉴브,150,서울특별시 강남구 선릉로85길 6  (역삼동),37.5012469,127.0358864,02-740-5000,http://www.newvhotel.com
463,한국관광공사,관광호텔업,3성,2019-05-22,서울특별시,호텔 로프트,58,서울특별시 영등포구 선유동2로 72  (당산동5가),37.534586,126.898751,02-2671-9995,http://www.hotel-loft.co.kr
465,한국관광공사,관광호텔업,3성,2019-05-22,서울특별시,호텔 페이토 강남,186,서울특별시 서초구 강남대로 259  (서초동),37.4864854,127.0326319,02-6936-8100,http://www.peytohotel.com
466,한국관광공사,관광호텔업,3성,2019-05-20,서울특별시,SR호텔,82,서울특별시 강서구 강서로 400,37.5535944,126.8412653,02-2038-8000,http://www.hotel-sr.co.kr
468,한국관광공사,관광호텔업,1성,2019-05-14,서울특별시,호텔 컬리넌 구로,68,서울특별시 구로구 시흥대로 533  (구로동),37.481149,126.8994648,02-853-9116,
476,한국관광공사,관광호텔업,2성,2019-05-08,서울특별시,프라임 인 서울 호텔,76,서울특별시 은평구 통일로 816  (불광동),37.6200272,126.9210291,02-3157-8000,http://www.primeinseoulhotel.com
481,한국관광공사,관광호텔업,2성,2019-04-25,서울특별시,포레스타 호텔 2,53,서울특별시 송파구 백제고분로7길 23-5  (잠실동),37.5109145,127.0813744,02-412-9990,
483,한국관광공사,관광호텔업,2성,2019-04-24,서울특별시,호텔 부티크 9,91,서울특별시 동대문구 왕산로 28  (신설동),37.577191,127.0390437,02-925-0720,http://www.boutique9.co.kr
484,한국관광공사,관광호텔업,2성,2019-04-24,서울특별시,호텔 세느,40,서울특별시 강남구 논현로 533  (역삼동),37.5009452,127.0361278,02-2051-0551,http://www.hotelsenne.co.kr
485,한국관광공사,관광호텔업,2성,2019-04-24,서울특별시,에스알 호텔 사당점,63,서울특별시 동작구 동작대로1길 15  (사당동),37.4770899,126.9804163,02-588-2000,http://www.karashy.net
490,한국관광공사,관광호텔업,3성,2019-04-17,서울특별시,호텔 선샤인,110,서울특별시 강남구 도산대로 205  (신사동),37.5202715,127.0288243,02-545-1500,http://www.hotelsunshine.co.kr/seoul
491,한국관광공사,관광호텔업,3성,2019-04-17,서울특별시,신라스테이 마포,382,서울특별시 마포구 마포대로 83  (도화동),37.5367676,126.9485265,02-6979-9000,http://www.shillastay.com/mapo/index.do
494,한국관광공사,관광호텔업,2성,2019-04-12,서울특별시,토요코인 서울동대문2,207,서울특별시 중구 퇴계로 325  (광희동2가),37.563762,127.0085234,02-2272-1045,https://www.toyoko-inn.com/korea/search/detail/00291/service/
495,한국관광공사,관광호텔업,3성,2019-04-11,서울특별시,롯데시티호텔 마포,284,"서울특별시 마포구 마포대로 109  (공덕동, 롯데캐슬프레지던트)",37.5448703,126.9507228,02-6005-1758,https://www.lottehotel.com/mapo-city/ko.html
499,한국관광공사,관광호텔업,3성,2019-04-05,서울특별시,호텔 크레센도 서울 (구. 알코브 호텔 서울),108,서울특별시 강남구 봉은사로 428  (삼성동),37.5107119,127.046922,02-6230-8805,http://www.thealcovehotel.co.kr/
500,한국관광공사,관광호텔업,1성,2019-04-04,서울특별시,칸 호텔,59,서울특별시 영등포구 버드나루로 74  (영등포동7가),37.5246308,126.9059943,02-2679-1900,http://www.hotelkhan.co.kr
502,한국관광공사,관광호텔업,4성,2019-04-03,서울특별시,포포인츠 바이 쉐라톤 서울역,342,서울특별시 용산구 한강대로 366  (동자동),37.5523409,126.972128,02-6070-7000,http://www.marriott.com/selfp
503,한국관광공사,관광호텔업,3성,2019-04-03,서울특별시,스테이비 명동 호텔,97,서울특별시 중구 충무로 23-1  (충무로3가),37.5632511,126.9927932,02-2277-6300,https://www.staybhotel.com/
505,한국관광공사,관광호텔업,3성,2019-04-02,서울특별시,베이튼호텔,161,서울특별시 중구 동호로 346  (오장동),37.5651164,127.0026747,02-2269-2550,https://www.baitonseoul.com/ko-kr
509,한국관광공사,관광호텔업,1성,2019-03-28,서울특별시,베니키아 노블레스 호텔,42,서울특별시 강남구 테헤란로25길 6-13  (역삼동),37.5013577,127.0357776,02-558-1202,
510,한국관광공사,관광호텔업,3성,2019-03-28,서울특별시,보리 호텔,46,서울특별시 강남구 역삼로 160  (역삼동),37.4947898,127.0366468,02-553-5551,http://www.boreehotel.com
514,한국관광공사,관광호텔업,1성,2019-03-21,서울특별시,SM 부티크호텔,34,서울특별시 동대문구 천호대로 291-1  (답십리동),37.5757457,127.0650734,02-2241-8501,
522,한국관광공사,관광호텔업,3성,2019-03-12,서울특별시,ENA스위트호텔,182,서울특별시 중구 세종대로11길 36  (서소문동),37.5622611,126.9738734,02-6020-7000,http://www.enahotel.co.kr
523,한국관광공사,관광호텔업,5성,2019-03-12,서울특별시,"비스타 워커힐 서울 (구, W 서울 워커힐)",250,서울특별시 광진구 워커힐로 177  (광장동),37.5557741,127.1109118,02-450-4425,https://www.walkerhill.com/
525,한국관광공사,관광호텔업,1성,2019-03-12,서울특별시,호텔 디아망,50,서울특별시 강서구 남부순환로 190  (외발산동),37.5519554,126.8231549,02-2666-0158,http://www.hoteldiamant.co.kr
528,한국관광공사,관광호텔업,2성,2019-03-06,서울특별시,센트럴 관광 호텔,78,서울특별시 종로구 청계천로 137  (장사동),37.5691896,126.9939227,02-6365-6500,http://seoulcentralhotel.com
529,한국관광공사,관광호텔업,1성,2019-03-06,서울특별시,시안호텔,49,서울특별시 은평구 진흥로 169  (대조동),37.612362,126.9214293,02-356-7615,
532,한국관광공사,관광호텔업,3성,2019-03-06,서울특별시,호텔 스카이파크 센트럴 명동점,312,서울특별시 중구 명동9길 16,37.5646118,126.9852283,02-752-0022,http://www.skyparkhotel.com
537,한국관광공사,관광호텔업,3성,2019-03-04,서울특별시,호텔 그레이스리 서울,336,서울특별시 중구 세종대로12길 12  (남대문로4가),37.5616474,126.9767544,02-6936-0100,https://gracery.com/seoul
538,한국관광공사,관광호텔업,3성,2019-02-26,서울특별시,아리랑힐 호텔 동대문 (구. 베스트웨스턴 아리랑힐 동대문),190,서울특별시 성북구 아리랑로 8  (동선동4가),37.5935329,127.0165972,02-925-7000,http://www.hotelahill.com
542,한국관광공사,관광호텔업,3성,2019-02-21,서울특별시,베니키아 프리미어 호텔 베르누이,420,서울특별시 구로구 경인로 229  (오류동),37.4975146,126.8461634,02-2683-9000,http://www.hotelbernoui.com/kr/
545,한국관광공사,관광호텔업,2성,2019-02-15,서울특별시,플로라 호텔 신신,75,서울특별시 중구 남대문로5길 17-5  (북창동),37.5630529,126.9776952,02-2019-1000,http://www.hotel-shinshin.com/
546,한국관광공사,관광호텔업,1성,2019-02-14,서울특별시,호텔 ITW,71,서울특별시 용산구 우사단로14길 11  (이태원동),37.534102,126.997323,02-796-6100,http://itwhotel.co.kr
547,한국관광공사,관광호텔업,2성,2019-02-11,서울특별시,라비타 호텔,57,서울특별시 강남구 영동대로 712  (청담동),37.5214311,127.0568113,02-545-0015,http://lavitahotelseoul.com
550,한국관광공사,관광호텔업,2성,2019-02-01,서울특별시,호텔 크레토 명동,35,서울특별시 중구 명동8가길 53  (충무로2가),37.5619338,126.9880547,02-740-4500,http://www.hotelcreto.com
556,한국관광공사,관광호텔업,4성,2018-12-27,서울특별시,글래드 호텔 여의도,319,서울특별시 영등포구 의사당대로 16  (여의도동),37.5274045,126.9172764,02-6222-5311,http://www.glad-hotels.com
557,한국관광공사,관광호텔업,1성,2018-12-26,서울특별시,제리스 플래닛,42,서울특별시 강남구 강남대로92길 13  (역삼동),37.4990077,127.0285121,02-555-4204,http://www.jerrysplanet.com
558,한국관광공사,관광호텔업,3성,2018-12-18,서울특별시,라마다 서울 동대문,154,서울특별시 중구 동호로 354  (을지로5가),37.5658653,127.0027949,02-2276-3500,http://www.ramadaddm.com
560,한국관광공사,관광호텔업,5성,2018-12-17,서울특별시,"그랜드 워커힐 서울 (구, 쉐라톤 그랜드 워커힐 서울)",790,서울특별시 광진구 워커힐로 177  (광장동),37.5557741,127.1109118,02-450-4425,http://www.walkerhill.co.kr
563,한국관광공사,관광호텔업,5성,2018-12-07,서울특별시,노보텔 앰배서더 서울 동대문,532,서울특별시 중구 을지로 238  (을지로6가),37.5661587,127.0042591,02-3425-8000,https://www.ambatel.com/novotel/dongdaemun/ko/main.do
565,한국관광공사,관광호텔업,3성,2018-12-06,서울특별시,트레블로지 명동 을지로 호텔(구. 홀리데이인 익스프레스 을지로),224,서울특별시 중구 수표로 61  (을지로2가),37.5665795,126.9893117,02-6240-5000,https://www.ihg.com/hotels/kr/ko/seoul/seoex/hoteldetail
566,한국관광공사,관광호텔업,2성,2018-12-05,서울특별시,호텔 디오레,39,서울특별시 마포구 동교로 162-7  (서교동),37.5555353,126.920378,02-332-2333,http://www.the-ore.com
569,한국관광공사,관광호텔업,1성,2018-12-03,서울특별시,호텔 컬리넌 건대 2,56,서울특별시 광진구 동일로 214  (군자동),37.5530066,127.0736292,02-499-1583,http://hdtelcullinan.co.kr/
571,한국관광공사,관광호텔업,2성,2018-11-27,서울특별시,호텔 썬비,42,서울특별시 종로구 인사동7길 26  (관훈동),37.5730378,126.9847563,02-730-3451,http://www.hotelsunbee.com
574,한국관광공사,관광호텔업,2성,2018-11-20,서울특별시,호텔 데님 서울,88,서울특별시 강남구 논현로 66  (개포동),37.4826035,127.0708925,02-2058-1000,http://www.hoteldenim.com
575,한국관광공사,관광호텔업,5성,2018-11-16,서울특별시,메이필드 호텔,239,서울특별시 강서구 방화대로 94,37.5475247,126.8187885,02-2660-9000 ,http://www.mayfield.co.kr
576,한국관광공사,관광호텔업,1성,2018-11-15,서울특별시,호텔케이월드,54,서울특별시 광진구 동일로 90  (자양동),37.5405426,127.0634525,02-465-1141,https://hotelkworld.modoo.at
577,한국관광공사,관광호텔업,3성,2018-11-14,서울특별시,신라스테이 서대문,319,서울특별시 서대문구 충정로 76  (미근동),37.562755,126.9671771,02-2230-0700,http://www.shillastay.com/seodaemun/index.do?lang=ko
578,한국관광공사,관광호텔업,4성,2018-11-08,서울특별시,글래드 호텔 마포,378,서울특별시 마포구 마포대로 92  (도화동),37.5408325,126.9459381,02-2197-5000,http://www.glad-hotels.com
581,한국관광공사,관광호텔업,5성,2018-11-07,서울특별시,임피리얼 팰리스 호텔,405,서울특별시 강남구 언주로 640  (논현동),37.514021,127.0358805,02-3440-8000,http://www.imperialpalace.co.kr
582,한국관광공사,관광호텔업,2성,2018-10-31,서울특별시,호텔 더 디자이너스 프리미어 건대,100,서울특별시 광진구 동일로 172  (화양동),37.5477537,127.0714391,02-463-5678,http://www.designers-1lleven.com
583,한국관광공사,관광호텔업,1성,2018-10-16,서울특별시,호텔 밀하우스,47,서울특별시 서대문구 연세로2나길 5  (창천동),37.556686,126.938374,02-313-7003,
586,한국관광공사,관광호텔업,2성,2018-10-05,서울특별시,호텔 디 아티스트 성신여대점,48,서울특별시 성북구 동소문로 126  (동선동1가),37.592679,127.0173831,02-921-9901,http://www.theartist.kr
589,한국관광공사,관광호텔업,4성,2018-08-30,서울특별시,포포인츠 바이 쉐라톤 서울 강남,199,서울특별시 강남구 도산대로 203  (신사동),37.5201769,127.0285047,02-2160-8905,http://fourpointsseoulgangnam.com
592,한국관광공사,관광호텔업,3성,2018-08-22,서울특별시,알로프트 서울 강남,188,서울특별시 강남구 영동대로 736  (청담동),37.5236033,127.055954,02-510-9700,http://www.aloftseoulgangnam.com
595,한국관광공사,관광호텔업,3성,2018-08-09,서울특별시,스타즈 호텔 명동 2호점,174,서울특별시 중구 수표로 16,37.5625217,126.9906218,02-2260-8000,http://stazhotelmyeongdong2.com/appmain.php
596,한국관광공사,관광호텔업,3성,2018-08-07,서울특별시,스타즈 호텔 명동 1호점,150,서울특별시 중구 충무로9길 20,37.5669714,126.9913032,02-2020-4000,http://stazhotelmyeongdong1.com/appmain.php
597,한국관광공사,관광호텔업,4성,2018-07-21,서울특별시,서울 해밀톤 호텔,166,서울특별시 용산구 이태원로 179  (이태원동),37.5438352,126.994237,02-3786-6303,http://www.hamilton.co.kr
599,한국관광공사,관광호텔업,3성,2018-07-13,서울특별시,이비스 스타일 앰배서더 명동,180,서울특별시 중구 삼일대로 302  (충무로2가),37.5617293,126.9894142,02-6020-8814,https://www.ambatel.com/ibisstyles/myeongdong/ko/main.do
600,한국관광공사,관광호텔업,1성,2018-07-13,서울특별시,호텔 컬리넌 건대,55,서울특별시 광진구 동일로 212  (군자동),37.5480883,127.0743445,02-465-7171,http://hotelcullinan.co.kr/
601,한국관광공사,관광호텔업,3성,2018-07-11,서울특별시,호텔 엠펠리체,115,서울특별시 강서구 마곡동로4길 15  (마곡동),37.559662,126.834739,02-2668-3600,http://www.hotelmfelice.com
604,한국관광공사,관광호텔업,3성,2018-06-08,서울특별시,글래드 강남 코엑스 센터,282,서울특별시 강남구 테헤란로 610  (대치동),37.5087929,127.0645438,02-6474-5000,http://gladgangnamcoex-hotels.com
605,한국관광공사,관광호텔업,4성,2018-06-05,서울특별시,호텔 PJ,272,서울특별시 중구 마른내로 71  (인현동1가),37.5648234,126.9946895,02-2280-7000,http://hotelpj.co.kr
607,한국관광공사,관광호텔업,2성,2018-05-09,서울특별시,인사동 크라운 호텔,83,서울특별시 종로구 삼일대로30길 9  (낙원동),37.5739484,126.9881808,02-3676-8000,http://www.hotelcrown.com
611,한국관광공사,관광호텔업,4성,2018-04-05,서울특별시,더 클래식 500 펜타즈 호텔,84,서울특별시 광진구 능동로 90  (자양동),37.5387765,127.0710831,02-2218-5000,http://www.theclassic500.com
612,한국관광공사,관광호텔업,3성,2018-03-29,서울특별시,아이피 부티크호텔,128,서울특별시 용산구 이태원로 221  (한남동),37.5353039,126.998228,02-3702-8000,http://www.imperialpalaceboutiquehotel.com
613,한국관광공사,관광호텔업,4성,2018-03-29,서울특별시,퍼시픽 호텔,181,서울특별시 중구 퇴계로20길 2  (남산동2가),37.5585004,126.9863224,02-777-7811,http://www.thepacifichotel.co.kr
615,한국관광공사,관광호텔업,4성,2018-03-21,서울특별시,로얄 호텔 서울,310,서울특별시 중구 명동길 61  (명동1가),37.5637484,126.9834301,02-2129-5712,http://www.royal.co.kr
616,한국관광공사,관광호텔업,5성,2018-03-16,서울특별시,노보텔 앰배서더 서울 용산,621,서울특별시 용산구 청파로20길 95  (한강로3가),37.5334607,126.9638079,02-2223-7502,https://novotel.ambatel.com/yongsan
618,한국관광공사,관광호텔업,4성,2018-03-14,서울특별시,프레지던트 호텔,303,서울특별시 중구 을지로 16  (을지로1가),37.5664489,126.9794633,02-753-3131,http://www.hotelpresident.co.kr
620,한국관광공사,관광호텔업,4성,2018-03-02,서울특별시,이비스 스타일 앰배서더 서울 용산,591,서울특별시 용산구 청파로20길 95  (한강로3가),37.5334607,126.9638079,02-2223-7000,
621,한국관광공사,관광호텔업,4성,2018-02-13,서울특별시,노보텔 앰배서더 서울 강남,332,서울특별시 강남구 봉은사로 130  (역삼동),37.5052397,127.0288826,02-567-1101,https://novotel.ambatel.com/gangnam/main.amb
623,한국관광공사,관광호텔업,4성,2018-01-12,서울특별시,더케이호텔서울,252,서울특별시 서초구 바우뫼로12길 70  (양재동),37.4667388,127.0331826,02-571-8100,https://www.thek-hotel.co.kr/skmh/index.do
627,한국관광공사,관광호텔업,2성,2017-12-29,서울특별시,호텔 스카이파크 명동 2호점,132,서울특별시 중구 명동9길 22  (을지로2가),37.5648939,126.9850332,02-6900-9387,http://skyparkhotel.com
629,한국관광공사,관광호텔업,3성,2017-12-21,서울특별시,베스트웨스턴 뉴서울 호텔,184,서울특별시 중구 세종대로22길 16  (태평로1가),37.5679564,126.9780728,02-3701-0426,http://www.bestwesternnewseoul.co.kr
636,한국관광공사,관광호텔업,3성,2017-12-04,서울특별시,베스트웨스턴 프리미어 강남호텔,128,서울특별시 강남구 봉은사로 139  (논현동),37.5111526,127.0256208,02-6474-1530,http://www.bestwesterngangnam.com
637,한국관광공사,관광호텔업,4성,2017-11-29,서울특별시,코리아나 호텔,337,서울특별시 중구 세종대로 135  (태평로1가),37.5681867,126.9765134,02-2171-7886,http://www.koreanahotel.com
639,한국관광공사,관광호텔업,2성,2017-11-20,서울특별시,킴스 관광호텔,51,서울특별시 종로구 평창문화로 136  (평창동),37.6094462,126.975163,02-379-0520,http://kimshotel.co.kr/
643,한국관광공사,관광호텔업,4성,2017-11-15,서울특별시,세종 호텔,333,서울특별시 중구 퇴계로 145  (충무로2가),37.5613363,126.9879273,02-773-6000,http://www.sejong.co.kr
646,한국관광공사,관광호텔업,2성,2017-09-29,서울특별시,코코모 호텔,47,서울특별시 구로구 새말로 20  (구로동),37.5019434,126.8833464,02-2229-5500,http://www.hotelcocomo.com
647,한국관광공사,관광호텔업,3성,2017-08-31,서울특별시,이비스 앰배서더 호텔 인사동,363,서울특별시 종로구 삼일대로30길 31  (익선동),37.5743665,126.9894397,02-6730-1131,http://ibis.ambatel.com/insadong
650,한국관광공사,관광호텔업,4성,2017-08-01,서울특별시,노보텔 앰배서더 독산,218,서울특별시 금천구 시흥대로 378,37.4673441,126.8984022,02-838-1101,http://novotel.ambatel.com/doksan
651,한국관광공사,관광호텔업,4성,2017-08-01,서울특별시,나인트리 프리미어호텔 명동 2,408,서울특별시 중구 마른내로 28,37.5644803,126.9909241,02-6967-0999,http://www.ninetreehotel.com
653,한국관광공사,소형호텔업,1성,2017-07-19,서울특별시,IMT 호텔,20,서울특별시 송파구 오금로11길 29-5,37.5153635,127.1102704,02-420-2211,
655,한국관광공사,관광호텔업,1성,2017-06-20,서울특별시,호텔 컬리넌 왕십리,70,서울특별시 성동구 무학로2길 47,37.562562,127.0347708,02-2298-0070,http://hotelcullinan.co.kr
656,한국관광공사,관광호텔업,2성,2017-06-09,서울특별시,호텔 2.4,51,서울특별시 송파구 오금로11길 55-16,37.5157032,127.1138669,02-420-2400,http://www.hotel2-4.com/
657,한국관광공사,관광호텔업,3성,2017-05-24,서울특별시,라마다 앙코르 바이 윈덤 서울 동대문,332,서울특별시 동대문구 왕산로 22,37.576616,127.0330864,02-2116-6000,http://www.ramadaencoreseouldongdaemun.com
658,한국관광공사,관광호텔업,3성,2017-05-24,서울특별시,스탠다드 호텔,50,서울특별시 강서구 공항대로 518,37.5533338,126.8510294,02-2642-6200,http://www.standardhotel.co.kr/
659,한국관광공사,관광호텔업,2성,2017-05-24,서울특별시,호텔 트리아,50,서울특별시 강남구 테헤란로33길 16,37.5028324,127.03938,02-553-2471 ,http://www.triahotel.co.kr
661,한국관광공사,관광호텔업,4성,2017-04-06,서울특별시,아만티호텔 서울,150,서울특별시 마포구 월드컵북로 31,37.5677945,126.9068181,02-334-3111,http://www.hotelamanti.com/
663,한국관광공사,관광호텔업,4성,2017-03-28,서울특별시,글래드 라이브 강남,210,서울특별시 강남구 봉은사로 223,37.5083545,127.0363515,02-550-9700,
44,한국관광협회중앙회,관광호텔업,1성,2021-11-12,울산광역시,H 호텔,44,울산광역시 남구 화합로178번길 7 H호텔 (삼산동),35.540673,129.340268,052-271-9044,http://www.hhotelkorea.com/
63,한국관광협회중앙회,관광호텔업,2성,2021-09-19,울산광역시,해야 관광호텔,57,울산광역시 남구 삼산로395번길 11 해야호텔 (삼산동),35.5407595,129.3510211,052-256-2980,http://www.haeyahotel.com
128,한국관광협회중앙회,관광호텔업,3성,2021-05-12,울산광역시,호텔 굿모닝,75,울산광역시 동구 바드래1길 15,35.5174223,129.4306177,052-209-9000,http://www.ulsangoodmorninghotel.com
226,한국관광공사,관광호텔업,2성,2020-05-22,울산광역시,판도라 호텔,70,울산광역시 남구 삼산로392번길 8,35.5389013,129.3496737,052-716-2553,http://www.dailyhotel.co.kr
231,한국관광공사,관광호텔업,1성,2020-05-11,울산광역시,아마란스 호텔,30,울산광역시 울주군 상북면 석남로 752-8 ,35.6127431,129.0507433,052-254-2171,http://blog.naver.com/bky3850326k
250,한국관광공사,관광호텔업,2성,2020-03-20,울산광역시,토요코인 울산 삼산동,283,울산광역시 남구 삼산로 308  (삼산동),35.5387061,129.3409264,052-257-1045,http://www.toyoko-inn.com
322,한국관광공사,관광호텔업,1성,2019-11-26,울산광역시,간절곶관광호텔 (구. 아샘블 관광호텔),30,울산광역시 울주군 서생면 간절곶해안길 37,35.3561038,129.3503536,052-238-0031,https://assemblehotel.modoo.at
327,한국관광공사,관광호텔업,2성,2019-11-26,울산광역시,호텔 다움,68,울산광역시 중구 번영로 538  (반구동),35.5533213,129.3474063,052-298-3705,http://www.hoteldaoom.com
352,한국관광공사,관광호텔업,1성,2019-10-14,울산광역시,브라운도트 호텔 삼산점,50,울산광역시 남구 삼산로383번길 6-17  (삼산동),35.540597,129.3500407,052-277-2700,
365,한국관광공사,관광호텔업,4성,2019-09-26,울산광역시,머큐어 앰배서더 호텔 울산,131,울산광역시 북구 강동산하2로 7  (산하동),35.6354564,129.4379332,052-980-1145,https://www.ambatel.com/mercure/ulsan/ko/main.do
426,한국관광공사,관광호텔업,4성,2019-07-02,울산광역시,호텔 현대 울산,272,울산광역시 동구 방어진순환도로 875  (전하동),35.519824,129.430174,052-251-2233 ,http://www.lahanhotels.com/ulsan/index.do
493,한국관광공사,관광호텔업,5성,2019-04-15,울산광역시,롯데호텔 울산,200,울산광역시 남구 삼산로 282  (삼산동),35.5383725,129.3382442,052-960-4110,http://www.lottehotel.com/ulsan-hotel/ko.html
496,한국관광공사,관광호텔업,3성,2019-04-10,울산광역시,롯데시티호텔 울산,349,울산광역시 남구 삼산로 204  (달동),35.5375529,129.3297178,052-960-4110,https://www.lottehotel.com/ulsan-city/ko.html
519,한국관광공사,관광호텔업,3성,2019-03-18,울산광역시,신라스테이 울산,335,울산광역시 남구 삼산로 200  (달동),35.5363506,129.3164702,052-901-9183,
590,한국관광공사,관광호텔업,3성,2018-08-29,울산광역시,스타즈 호텔 울산,345,울산광역시 남구 남중로 65  (삼산동),35.540164,129.3474133,052-922-4000,http://www.stazhotelulsan.com/
25,한국관광협회중앙회,관광호텔업,5성,2021-12-10,인천광역시,네스트 호텔 (a member of Design Hotels™),370,인천광역시 중구 영종해안남로 19-5 (운서동),37.4251075,126.4279437,032-743-9000,https://www.nesthotel.co.kr
29,한국관광협회중앙회,관광호텔업,2성,2021-12-06,인천광역시,호텔시애틀 인천공항점,43,인천광역시 중구 신도시남로150번길 8  (운서동),37.494407,126.4914562,032-752-1170,http://hotelseattle.modoo.at
31,한국관광협회중앙회,소형호텔업,2성,2021-12-03,인천광역시,선재해림,20,인천광역시 옹진군 영흥면 선재로226번길 107-34 ,37.2524566,126.5228189,032-880-1688,http://www.sj-haelim.com
56,한국관광협회중앙회,관광호텔업,1성,2021-10-22,인천광역시,VOW관광호텔,73,인천광역시 계양구 계양문화로59번길 9 (계산동),37.5359976,126.735495,032-545-1111,http://www.hotelvow.com
74,한국관광협회중앙회,가족호텔업,5성,2021-08-18,인천광역시,오크우드 프리미어 인천 호텔,423,인천광역시 연수구 컨벤시아대로 165 (송도동),37.392921,126.646044,032-726-2000,http://www.oakwoodpremier.co.kr/
129,한국관광협회중앙회,관광호텔업,4성,2021-05-12,인천광역시,홀리데이 인 인천 송도 호텔,202,인천광역시 연수구 인천타워대로 251  (송도동),37.3905578,126.6367169,032-250-0000,http://holidayinnincheonsongdo.com
145,한국관광협회중앙회,관광호텔업,1성,2021-04-12,인천광역시,레이관광호텔,30,인천광역시 중구 을왕로58번길 7 (을왕동),37.4494951,126.3717511,032-752-8333,http://hotelray.co.kr
147,한국관광협회중앙회,관광호텔업,2성,2021-03-29,인천광역시,호텔 베이 204,91,인천광역시 남동구 인하로507번길 21-1  (구월동),37.4441401,126.7024555,032-429-0204,http://www.hotelbay204.co.kr
157,한국관광공사,관광호텔업,2성,2020-11-27,인천광역시,아시아드호텔,76,인천광역시 남동구 선수촌공원로17번길 6 (구월동),37.4405324,126.7073702,032-460-7000,http://www.asiadhotel.co.kr
162,한국관광공사,관광호텔업,2성,2020-11-24,인천광역시,더프린스호텔,41,인천광역시 중구 을왕로58번길 5  (을왕동),37.4494861,126.371488,032-746-7008,http://www.theprincehotel.co.kr
217,한국관광공사,관광호텔업,2성,2020-06-23,인천광역시,호텔 준,48,인천광역시 중구 신도시남로150번길 18,37.4943705,126.4925493,032-746-4417,http://www.hoteljune.com
232,한국관광공사,관광호텔업,1성,2020-05-11,인천광역시,다이아몬드 호텔,50,인천광역시 중구 월미로 229  (북성동1가),37.4753555,126.5997141,032-777-8780,
241,한국관광공사,관광호텔업,5성,2020-04-04,인천광역시,파라다이스시티,769,인천광역시 중구 영종해안남로321번길 186,37.4400798,126.4533903,031-1833-8855,https://www.p-city.com/
252,한국관광공사,관광호텔업,3성,2020-03-19,인천광역시,호텔 오라,84,인천광역시 중구 공항서로 345  (남북동),37.4540994,126.4179541,032-752-8080,http://www.hotelora.co.kr/ko/
266,한국관광공사,관광호텔업,2성,2020-02-12,인천광역시,호텔 시크릿,72,인천광역시 중구 월미로233번길 11,37.4744723,126.6006158,032-764-8993,http://www.hotelsecret.co.kr
288,한국관광공사,관광호텔업,3성,2019-12-24,인천광역시,호텔스카이파크 인천 송도,241,인천광역시 연수구 컨벤시아대로 233  (송도동),37.3845488,126.6387046,032-717-0700,http://www.skyparkincheonsongdo.com
290,한국관광공사,관광호텔업,2성,2019-12-23,인천광역시,SG 관광호텔,67,인천광역시 서구 탁옥로51번길 13-9  (심곡동),37.5450003,126.6742752,032-562-0511,http://sghotel.kr
299,한국관광공사,관광호텔업,1성,2019-12-20,인천광역시,영종 관광호텔,45,인천광역시 중구 운중로21번길 8  (운남동),37.4941978,126.5367051,032-751-8868,
302,한국관광공사,관광호텔업,1성,2019-12-19,인천광역시,아마레 관광호텔,67,인천광역시 계양구 장제로730번길 14,37.5326447,126.7355573,032-541-2222,http://www.hotel-amare.com
319,한국관광공사,관광호텔업,4성,2019-11-29,인천광역시,오라카이 송도 파크 호텔,272,인천광역시 연수구 테크노파크로 151,37.3880922,126.6407827,032-210-7000,http://www.orakaihotels.com
323,한국관광공사,관광호텔업,2성,2019-11-26,인천광역시,베니키아 월미도 더블리스 호텔,88,인천광역시 중구 월미로 266  (북성동1가),37.475222,126.6065561,032-764-9000,http://www.hotelthebliss.com/
329,한국관광공사,한국전통호텔업,5성,2019-11-24,인천광역시,경원재 앰배서더 호텔,30,인천광역시 연수구 테크노파크로 200 (송도동),37.387223,126.6438262,032-729-1101,http://www.gyeongwonjae.com
333,한국관광공사,관광호텔업,1성,2019-11-15,인천광역시,베니키아 호텔 바다의 별,44,인천광역시 중구 월미로242번길 7-2  (북성동1가),37.474466,126.5983323,032-765-7000,http://www.hotelseastar.co.kr/
335,한국관광공사,관광호텔업,2성,2019-11-14,인천광역시,토요코인 인천부평점,512,인천광역시 부평구 광장로 10 (부평동),37.4883183,126.7224896,032-527-1045,https://www.toyoko-inn.com/korea/
339,한국관광공사,관광호텔업,2성,2019-11-11,인천광역시,제우메스 관광호텔,60,인천광역시 중구 흰바위로59번길 31  (운서동),37.4942989,126.4928685,032-752-9600 ,http://www.hotelzeumes.co.kr
343,한국관광공사,관광호텔업,5성,2019-11-02,인천광역시,그랜드 하얏트 인천 이스트타워,523,인천광역시 중구 영종해안남로321번길 208,37.4404833,126.4575076,032-745-1234,https://www.hyatt.com/ko-kr/hotel/south-korea/grand-hyatt-incheon/inche
364,한국관광공사,관광호텔업,1성,2019-09-27,인천광역시,월미도 관광호텔,46,인천광역시 중구 월미로 274  (북성동1가),37.475222,126.6065561,032-420-8900,https://www.facebook.com/wolmido
366,한국관광공사,관광호텔업,1성,2019-09-25,인천광역시,옐로마린호텔,30,인천광역시 중구 월미로234번길 10  (북성동1가),37.4755649,126.5983038,032-765-7143,https://www.bymarinehotel.com/
371,한국관광공사,관광호텔업,2성,2019-08-30,인천광역시,블루마린 호텔,51,인천광역시 중구 월미로234번길 12  (북성동1가),37.4720396,126.5963706,032-765-7142,https://www.bymarinehotel.com/
373,한국관광공사,소형호텔업,1성,2019-08-28,인천광역시,스텔라마리스 호텔,26,인천광역시 중구 반달로3번길 16  (북성동1가),37.4769545,126.6004497,032-761-1001,
374,한국관광공사,관광호텔업,2성,2019-08-28,인천광역시,폴로 관광호텔,50,인천광역시 남동구 앵고개로934번길 30  (논현동),37.4010028,126.7373785,032-426-9250,http://www.polohotel.co.kr
382,한국관광공사,관광호텔업,5성,2019-08-11,인천광역시,그랜드 하얏트 인천 웨스트타워,501,인천광역시 중구 영종해안남로321번길 190  (운서동),37.4400798,126.4533903,032-745-1234,
402,한국관광공사,관광호텔업,2성,2019-07-24,인천광역시,골든 호텔,79,인천광역시 남동구 석촌로 57  (간석동),37.4656089,126.7087019,032-427-9000,http://goldenhotel.co.kr
413,한국관광공사,관광호텔업,1성,2019-07-10,인천광역시,호텔 G,50,인천광역시 중구 월미로248번길 1  (북성동1가),37.4740468,126.5980831,032-772-0023,http://www.ghotel.co.kr
440,한국관광공사,관광호텔업,1성,2019-06-14,인천광역시,이츠 관광호텔,42,인천광역시 중구 연안부두로53번길 15  (항동7가),37.4535712,126.6023503,032-883-0083,http://www.itshotel.net
443,한국관광공사,관광호텔업,5성,2019-06-12,인천광역시,쉐라톤 그랜드 인천 호텔,321,인천광역시 연수구 컨벤시아대로 153,37.3901377,126.6455067,032-835-1503,
447,한국관광공사,관광호텔업,1성,2019-06-07,인천광역시,호텔 진,64,인천광역시 남동구 남동대로777번길 36  (구월동),37.4510762,126.7063211,032-432-7023,http://www.makeus.net/31398
452,한국관광공사,관광호텔업,1성,2019-06-03,인천광역시,호텔 그랜드 스위트,66,인천광역시 중구 월미로248번길 2  (북성동1가),37.4739668,126.5980997,032-777-5633,http://www.hotelgrandsuite.com/
454,한국관광공사,관광호텔업,1성,2019-05-31,인천광역시,M 플레이스 호텔,66,인천광역시 남동구 인하로507번길 56  (구월동),37.4457455,126.7034133,032-426-2500,
480,한국관광공사,관광호텔업,1성,2019-04-25,인천광역시,아이네이버 호텔,38,인천광역시 중구 월미로243번길 5  (북성동1가),37.47397,126.5995486,032-764-3003,
486,한국관광공사,관광호텔업,2성,2019-04-22,인천광역시,호텔 더 디자이너스 인천,103,인천광역시 남동구 남동대로765번길 8  (구월동),37.4510155,126.7071381,032-460-7401,http://hotelthedesigners.com/incheon/
498,한국관광공사,관광호텔업,4성,2019-04-09,인천광역시,베스트웨스턴 하버파크 호텔 인천,213,인천광역시 중구 제물량로 217  (항동3가),37.4720203,126.6193455,032-770-9602,http://www.harborparkhotel.com
501,한국관광공사,관광호텔업,2성,2019-04-04,인천광역시,호텔 파크우드,52,인천광역시 중구 마시란로 34  (덕교동),37.4261519,126.4218151,032-752-8282,http://www.parkwood.co.kr
513,한국관광공사,관광호텔업,3성,2019-03-26,인천광역시,호텔 원티드,91,인천광역시 서구 북항로32번길 20  (원창동),37.5082306,126.6451311,032-585-8900,http://hotelwanted.modoo.at
516,한국관광공사,관광호텔업,3성,2019-03-18,인천광역시,라마다 송도 호텔,204,인천광역시 연수구 능허대로267번길 29  (동춘동),37.414314,126.6553555,032-832-2000,http://ramada-songdo.co.kr
524,한국관광공사,관광호텔업,1성,2019-03-12,인천광역시,반도 관광호텔,50,인천광역시 계양구 계양문화로17번길 8  (작전동),37.5325144,126.73534,032-551-5959,http://www.hotelbando.com
553,한국관광공사,관광호텔업,3성,2018-12-28,인천광역시,파크마린호텔,88,인천광역시 남동구 소래역로 44  (논현동),37.413017,126.7349098,032-425-2700,http://www.parkmarinehotel.com
587,한국관광공사,관광호텔업,2성,2018-09-21,인천광역시,센트럴프라자호텔,118,인천광역시 남동구 예술로204번길 15  (구월동),37.4512143,126.7032092,032-450-1204,
593,한국관광공사,관광호텔업,1성,2018-08-20,인천광역시,W 호텔,40,인천광역시 중구 월미로 207  (북성동1가),37.4772136,126.6000435,032-772-6300,
619,한국관광공사,관광호텔업,3성,2018-03-09,인천광역시,인천 호텔 카리스,142,인천광역시 계양구 계양대로 28  (작전동),37.5263625,126.7231397,032-556-0880,http://www.hotelcharis.com
622,한국관광공사,관광호텔업,4성,2018-02-13,인천광역시,베스트웨스턴 프리미어 인천 에어포트 호텔,305,인천광역시 중구 공항로424번길 48-27  (운서동),37.4748867,126.4693821,032-743-1000,http://www.airporthotel.co.kr
634,한국관광공사,관광호텔업,1성,2017-12-04,인천광역시,SJ 디자인 호텔,53,인천광역시 남동구 소래역로 26-16  (논현동),37.4138701,126.7388593,032-435-4977,http://sjdesignhotel.co.kr
635,한국관광공사,관광호텔업,2성,2017-12-04,인천광역시,3S boutique hotel ,104,인천광역시 서구 원당대로 874  (당하동),37.5883248,126.6781941,032-568-5610,http://www.donginhotel.com
645,한국관광공사,관광호텔업,4성,2017-10-10,인천광역시,베스트웨스턴 인천로얄호텔,140,인천광역시 남동구 백범로 367,37.4654191,126.7096378,032-421-3300,http://www.royalhotel.co.kr
665,한국관광공사,관광호텔업,2성,2017-02-23,인천광역시,리버관광호텔,63,인천광역시 계양구 계양문화로53번길 6,37.5357603,126.7358871,032-554-0310,http://www.riverhotel.co.kr
41,한국관광협회중앙회,관광호텔업,2성,2021-11-18,전라남도,케이스테이관광호텔,48,전라남도 강진군 군동면 청자로 299 케이스테이관광호텔 ,34.6201799,126.7928103,061-1661-0117,http://www.kstayhotel.co.kr
99,한국관광협회중앙회,관광호텔업,4성,2021-07-02,전라남도,벨메르 바이 한화호텔앤드리조트,100,전라남도 여수시 웅천남4로 17  (웅천동),34.743202,127.674738,061-924-1500,https://www.hanwharesort.co.kr/irsweb/resort3/resort/rs_room.do?bp_cd=2201
103,한국관광협회중앙회,관광호텔업,4성,2021-06-17,전라남도,쏠비치 진도,98,전라남도 진도군 의신면 송군길 30-40  ,34.400829,126.327349,061-899-7000,http://www.daemyungresort.com/sb/jd/
118,한국관광협회중앙회,관광호텔업,4성,2021-05-26,전라남도,히든 베이 호텔,131,전라남도 여수시 신월로 496-25  (신월동),34.7216033,127.6994465,061-680-3000,
132,한국관광협회중앙회,관광호텔업,3성,2021-05-11,전라남도,폰타나 비치 호텔,67,전라남도 목포시 평화로 69  (상동),34.8047458,126.4278243,061-288-7000,http://www.fontanabeachhotel.com
165,한국관광공사,관광호텔업,2성,2020-11-20,전라남도,베네치아 관광호텔,60,전라남도 순천시 팔마2길 13 (연향동),34.9472737,127.5174812,061-729-6000,http://hotelvene.com
173,한국관광공사,관광호텔업,1성,2020-11-17,전라남도,거문도섬호텔,30,전라남도 여수시 삼산면 거문도등대길 54,34.0070242,127.3221526,061-665-6700,http://gumundo.co.kr/
178,한국관광공사,관광호텔업,3성,2020-11-13,전라남도,호텔 마띠유 여수,43,전라남도 여수시 오동도로 20  (공화동),34.7450898,127.7448298,061-662-3131,
182,한국관광공사,관광호텔업,1성,2020-10-29,전라남도,더 엘 호텔,35,전라남도 여수시 이순신광장로 135 (중앙동),34.7378471,127.7388239,061-663-0100,http://hotelthel.com/
190,한국관광공사,관광호텔업,3성,2020-10-08,전라남도,파인비치 골프호텔,46,전라남도 해남군 화원면 시아로 224,34.6975595,126.2612057,061-530-7700,http://www.pinebeachcc.co.kr
208,한국관광공사,관광호텔업,2성,2020-07-20,전라남도,베니키아 호텔 여수,49,전라남도 여수시 시청서6길 19,34.7565495,127.6591417,061-662-0001,http://www.benikeahotel.co.kr
285,한국관광공사,관광호텔업,1성,2019-12-24,전라남도,비즈니스 호텔 가빈,46,전라남도 목포시 북항로 141 (죽교동),34.8016814,126.3692871,070-4203-9785,https://blog.naver.com/dlacks1
287,한국관광공사,관광호텔업,2성,2019-12-24,전라남도,호텔 지뜨,42,전라남도 순천시 팔마2길 11 (연향동),34.933059,127.5155438,061-727-5011,http://www.hotelgite.com
289,한국관광공사,관광호텔업,2성,2019-12-24,전라남도,홀리어스관광호텔,63,전라남도 나주시 배멧2길 43,35.0197644,126.7913102,061-930-9900,http://www.holius.co.kr
315,한국관광공사,관광호텔업,2성,2019-11-29,전라남도,HS 관광호텔,49,전라남도 여수시 오동도로 74  (수정동),34.743201,127.7499511,061-662-9996,
318,한국관광공사,관광호텔업,4성,2019-11-29,전라남도,에코그라드 호텔,104,전라남도 순천시 백강로 234  (조례동),34.9539477,127.5219268,061-811-0000,http://ecogradhotel.co.kr
399,한국관광공사,관광호텔업,4성,2019-07-29,전라남도,호텔 현대 목포,208,전라남도 영암군 삼호읍 대불로 91  ,34.7333995,126.3873863,061-463-2233,http://www.hyundaihote.com
400,한국관광공사,관광호텔업,1성,2019-07-29,전라남도,프린스행복호텔,56,전라남도 강진군 강진읍 보은로 113-1  ,34.6371825,126.7713573,061-433-7300,http://princehotel.dubuplus.com/
448,한국관광공사,관광호텔업,2성,2019-06-05,전라남도,나르샤 관광호텔,48,전라남도 여수시 시청서6길 3  (학동),34.7563068,127.6572664,061-686-2000,http://narshahotel.com
482,한국관광공사,관광호텔업,3성,2019-04-24,전라남도,유 캐슬 호텔,86,전라남도 여수시 소라면 안심산길 155  ,34.7477947,127.6412509,061-808-5000,http://www.ucastlehotel.co.kr
515,한국관광공사,관광호텔업,2성,2019-03-19,전라남도,파인힐스컨트리클럽 호텔,36,전라남도 순천시 주암면 송광사길 99  ,35.0394425,127.2705057,061-750-9000,https://www.bosungleisure.com/pinehills/
559,한국관광공사,관광호텔업,3성,2018-12-17,전라남도,호텔 더 시티,55,전라남도 여수시 좌수영로 641  (둔덕동),34.7710645,127.6928468,061-808-8031,http://www.hotelthecity.com
561,한국관광공사,관광호텔업,3성,2018-12-17,전라남도,여수 디오션 호텔,136,전라남도 여수시 소호로 295  (소호동),34.7318405,127.6438729,061-1588-0377,https://theoceanresort.co.kr
562,한국관광공사,관광호텔업,5성,2018-12-15,전라남도,소노캄 여수,311,전라남도 여수시 오동도로 111  (수정동),34.7416052,127.7542828,061-660-5800,http://www.mvlhotel.com/yeosu
564,한국관광공사,관광호텔업,2성,2018-12-06,전라남도,남도호텔,50,전라남도 해남군 해남읍 영빈로 53  ,34.5677781,126.6018614,061-535-9595,http://www.namdohotel.com
591,한국관광공사,관광호텔업,2성,2018-08-23,전라남도,JNJ골프리조트,30,전라남도 장흥군 장평면 제산기동로 326  ,34.8027863,126.9708725,061-860-9004,http://www.jnjgolfresort.co.kr
631,한국관광공사,소형호텔업,2성,2017-12-21,전라남도,호텔아이엠,29,전라남도 순천시 역전광장1길 6  (조곡동),34.9454526,127.5000508,061-744-1570,http://www.hoteliam.co.kr
61,한국관광협회중앙회,관광호텔업,3성,2021-10-15,전라북도,호텔 은파팰리스,65,전라북도 군산시 은파순환길 20  (나운동),35.9535609,126.6900541,063-467-7000,http://www.h-eunpapalace.com
119,한국관광협회중앙회,관광호텔업,4성,2021-05-25,전라북도,스위트 호텔 남원,59,전라북도 남원시 주천면 원천로 217 ,35.4080709,127.4145855,063-630-7100,http://www.suites.co.kr/namwon/ko
142,한국관광협회중앙회,관광호텔업,2성,2021-04-23,전라북도,더메이호텔,33,전라북도 전주시 덕진구 기린대로 800  (팔복동1가),35.8598395,127.0959847,063-246-5555,http://www.themay.co.kr
166,한국관광공사,관광호텔업,2성,2020-11-20,전라북도,오스카 스위트 호텔,48,전라북도 군산시 소룡1길 55,35.9732582,126.6766413,063-464-0505,
174,한국관광공사,한국전통호텔업,1성,2020-11-17,전라북도,나비잠 한옥 호텔,20,전라북도 전주시 완산구 팔달로 150-17  (전동),35.8125128,127.1473878,063-287-8877,http://www.nbz-hanokhotel.com
183,한국관광공사,관광호텔업,4성,2020-10-23,전라북도,호텔 티롤,118,전라북도 무주군 설천면 만선로 185 ,35.8893667,127.7389493,063-320-7617,http://www.mdysresort.com
215,한국관광공사,관광호텔업,2성,2020-07-02,전라북도,베니키아 아리울 호텔,45,전라북도 군산시 가도안1길 45  (오식도동),35.94627,126.561616,063-464-2007,http://www.gunsanariul.com
236,한국관광공사,관광호텔업,1성,2020-04-21,전라북도,오페라 21 호텔,65,전라북도 전주시 덕진구 정언신로 186  (우아동2가),35.8317422,127.1737145,063-244-6400,http://www.opera21.co.kr
286,한국관광공사,관광호텔업,2성,2019-12-24,전라북도,전주 영화 호텔,71,전라북도 전주시 완산구 전주객사2길 28-27  (고사동),35.8185188,127.1413876,063-230-5000,http://www.yeonghwahotel.com/
295,한국관광공사,관광호텔업,4성,2019-12-20,전라북도,라마다 군산 호텔,137,전라북도 군산시 대학로 400,35.9589136,126.6901553,063-441-8000,http://www.ramadagunsan.com/
358,한국관광공사,관광호텔업,3성,2019-10-08,전라북도,그랜드힐스턴호텔,100,전라북도 전주시 완산구 온고을로 211  (효자동3가),35.8385016,127.10095,063-251-8000,http://grandhillstone.com/
368,한국관광공사,소형호텔업,1성,2019-09-18,전라북도,황실한옥관광호텔,20,전라북도 전주시 완산구 은행로 22  (풍남동1가),35.8189911,127.1507856,063-271-0800,http://www.hwangsilhotel.co.kr
369,한국관광공사,관광호텔업,2성,2019-09-09,전라북도,JS 호텔,59,전라북도 전주시 완산구 팔달로 212-9 (경원동3가),35.8223297,127.1485079,063-285-1122,http://js-hotel.com/
392,한국관광공사,관광호텔업,4성,2019-07-31,전라북도,웨스턴라이프호텔,155,전라북도 익산시 동서로 380  (영등동),35.9599771,126.9696794,063-720-3017,http://www.westernlife.co.kr/
394,한국관광공사,관광호텔업,3성,2019-07-30,전라북도,로니 관광호텔,81,전라북도 전주시 완산구 전주객사4길 74-50  (고사동),35.820802,127.1443245,063-281-1000,http://www.ronihotel.com
533,한국관광공사,소형호텔업,2성,2019-03-06,전라북도,호텔로얄,21,전라북도 정읍시 중앙로 170  (시기동),35.5637701,126.8598134,063-538-0500,https://juroyalhotel.modoo.at/
548,한국관광공사,관광호텔업,2성,2019-02-11,전라북도,엔브릿지 호텔,32,전라북도 전주시 완산구 전주천서로 81  (동서학동),35.8099251,127.153239,063-232-6000,http://www.nbridge.kr/
617,한국관광공사,관광호텔업,3성,2018-03-15,전라북도,라한호텔 전주,166,전라북도 전주시 완산구 기린대로 85  (풍남동3가),35.8174657,127.152132,063-230-4234,https://lahanhotels.com/
65,한국관광협회중앙회,관광호텔업,2성,2021-09-10,충청남도,(주)호텔 로씨오,52,충청남도 당진시 송악읍 한진포구길 30-38  ,36.9693512,126.7801072,041-355-3100,http://hotelrocio.kr
110,한국관광협회중앙회,관광호텔업,3성,2021-06-08,충청남도,신라스테이 천안,305,충청남도 천안시 서북구 동서대로 177 (성정동),36.8255515,127.1339752,041-415-9000,https://www.shillastay.com/cheonan/index.do?lang=ko
186,한국관광공사,가족호텔업,3성,2020-10-16,충청남도,천안상록가족호텔,116,충청남도 천안시 동남구 수신면 수신로 576  ,36.7420428,127.2873208,041-560-9114,http://www.sangnokresort.co.kr
301,한국관광공사,관광호텔업,1성,2019-12-19,충청남도,백제 관광호텔,40,충청남도 부여군 부여읍 북포로 108,36.2917232,126.9222744,041-835-0870,http://www.백제관광호텔.kr/
330,한국관광공사,관광호텔업,3성,2019-11-22,충청남도,온양 관광호텔,175,충청남도 아산시 온천대로 1459  (온천동),36.7897418,126.9996891,041-540-1000,http://www.onyanghotel.co.kr
472,한국관광공사,관광호텔업,2성,2019-05-10,충청남도,천안 메트로 관광호텔,50,충청남도 천안시 동남구 대흥로 241-11  (대흥동),36.80472,127.1473117,041-622-8211,http://www.hotelmetro.co.kr
488,한국관광공사,관광호텔업,3성,2019-04-18,충청남도,온양 그랜드 호텔,135,충청남도 아산시 충무로20번길 7  (온천동),36.7833066,127.0060287,041-543-9711,http://www.grand-hotel.co.kr
652,한국관광공사,관광호텔업,3성,2017-07-21,충청남도,티포인트 호텔,51,충청남도 천안시 서북구 성정공원5로 42,36.8275383,127.1410553,041-565-9955,http://hoteltpoint.com/
6,한국관광협회중앙회,관광호텔업,2성,2021-12-27,충청북도,리버 호텔,65,충청북도 충주시 애향로 35  (봉방동),36.974274,127.9140947,043-851-2235,
146,한국관광협회중앙회,관광호텔업,3성,2021-03-29,충청북도,단양관광호텔,77,충청북도 단양군 단양읍 삼봉로 31  ,36.9820869,128.3485245,043-423-7070,http://www.danyanghotel.com
161,한국관광공사,관광호텔업,1성,2020-11-25,충청북도,세종스파텔,60,충청북도 청주시 청원구 내수읍 신기초정로 699  ,36.7190076,127.5986652,043-213-2332,http://www.cjspatel.co.kr
197,한국관광공사,관광호텔업,3성,2020-08-28,충청북도,거성호텔,65,충청북도 음성군 맹동면 장성로 107  ,36.905319,127.545883,043-878-2300,http://www.geoseong.co.kr
202,한국관광공사,관광호텔업,3성,2020-08-06,충청북도,호텔 뮤제오,59,충청북도 청주시 흥덕구 가로수로1164번길 41-20  (강서동),36.6260411,127.4296185,043-267-3200,http://www.hotelmuseo.co.kr
212,한국관광공사,관광호텔업,2성,2020-07-08,충청북도,호텔더반,37,충청북도 충주시 대소원면 메가폴리스2로 63  ,36.9749808,127.8189844,043-910-0911,https://thebanhotel.modoo.at
224,한국관광공사,관광호텔업,2성,2020-05-22,충청북도,수안보 파크 호텔,111,충청북도 충주시 수안보면 탑골1길 36,36.8439902,127.9807346,043-846-2331,http://www.suanbopark.co.kr
237,한국관광공사,관광호텔업,3성,2020-04-17,충청북도,수안보 상록 호텔,101,충청북도 충주시 수안보면 주정산로 22  ,36.8475725,127.9886703,043-845-3500,https://www.sangnokresort.co.kr/main.do?sksktype=sa
245,한국관광공사,관광호텔업,2성,2020-03-25,충청북도,더 마크호텔,56,충청북도 청주시 흥덕구 가로수로1164번길 41-34  (강서동),36.6260411,127.4296185,043-238-3344,http://blog.naver.com/mkhotel471
256,한국관광공사,관광호텔업,2성,2020-03-02,충청북도,THE조선호텔 수안보,103,충청북도 충주시 수안보면 조산공원길 99  ,36.8456867,127.9939642,043-848-8833,http://www.suanbo.co.kr
321,한국관광공사,관광호텔업,2성,2019-11-27,충청북도,음성관광호텔,30,충청북도 음성군 음성읍 음성로 194,36.9325095,127.6717019,043-873-8881,http://음성관광호텔.com
411,한국관광공사,관광호텔업,2성,2019-07-12,충청북도,베니키아 청주 나무 호텔,47,충청북도 청주시 상당구 명암로293번길 45  (명암동),36.6569536,127.5281721,043-253-6666,http://www.namoohotel.com
412,한국관광공사,관광호텔업,5성,2019-07-10,충청북도,그랜드 플라자 청주 호텔 (구. 라마다 플라자 청주 호텔),328,충청북도 청주시 청원구 충청대로 114  (율량동),36.6670168,127.4945702,043-290-1000,http://grandplaza.co.kr
474,한국관광공사,관광호텔업,2성,2019-05-08,충청북도,레이크힐스 호텔 속리산,132,충청북도 보은군 속리산면 법주사로 305  ,36.5341792,127.8253317,043-542-5281,
642,한국관광공사,관광호텔업,2성,2017-11-15,충청북도,제천 서울 관광호텔,45,충청북도 제천시 의병대로13길 10  (명동),37.137583,128.208729,043-651-8000,http://www.hotelseoul.kr